run,server,cold_start_ms,tools_list_ms,first_call_ms,peak_rss_mib,ssh_conns,steady_ssh_conns,calls,failed
1,rustjunosmcp-0.27.2,5.77,1.41,779.741,20.4,1,0,151,0
1,juniper-1.1.1,251.9,1.3,849.589,128.8,121,120,151,0
1,shigechika-0.18.0,284.62,2.4,769.259,92.3,1,0,151,0
1,shigechika-0.22.0,378.81,2.26,803.93,97.9,1,0,151,0
2,shigechika-0.18.0,296.77,2.08,771.529,91.7,1,0,151,0
2,juniper-1.1.1,263.69,1.12,879.145,129.3,121,120,151,0
2,shigechika-0.22.0,391.88,2.52,821.711,97.9,1,0,151,0
2,rustjunosmcp-0.27.2,6.12,0.97,805.545,20.3,1,0,151,0
3,juniper-1.1.1,278.62,1.39,866.736,129.0,121,120,151,0
3,shigechika-0.18.0,283.79,2.18,697.361,91.4,1,0,151,0
3,shigechika-0.22.0,596.04,3.03,745.985,97.6,1,0,151,0
3,rustjunosmcp-0.27.2,7.41,1.74,814.813,20.2,1,0,151,0
