run,server,op,seq,latency_ms,ok,fail_class,resp_bytes
1,rustjunosmcp-0.27.2,first_call,0,91.269,1,,307
1,rustjunosmcp-0.27.2,router_list,1,0.268,1,,107
1,rustjunosmcp-0.27.2,facts,1,0.354,1,,567
1,rustjunosmcp-0.27.2,show_version,1,1.028,1,,307
1,rustjunosmcp-0.27.2,interfaces_terse,1,1.066,1,,1127
1,rustjunosmcp-0.27.2,config,1,2.836,1,,36801
1,rustjunosmcp-0.27.2,router_list,2,0.157,1,,107
1,rustjunosmcp-0.27.2,facts,2,0.154,1,,568
1,rustjunosmcp-0.27.2,show_version,2,0.77,1,,308
1,rustjunosmcp-0.27.2,interfaces_terse,2,0.584,1,,1128
1,rustjunosmcp-0.27.2,config,2,2.914,1,,36802
1,rustjunosmcp-0.27.2,router_list,3,0.074,1,,108
1,rustjunosmcp-0.27.2,facts,3,0.356,1,,568
1,rustjunosmcp-0.27.2,show_version,3,0.667,1,,308
1,rustjunosmcp-0.27.2,interfaces_terse,3,0.405,1,,1128
1,rustjunosmcp-0.27.2,config,3,2.451,1,,36802
1,rustjunosmcp-0.27.2,router_list,4,0.16,1,,108
1,rustjunosmcp-0.27.2,facts,4,0.24,1,,568
1,rustjunosmcp-0.27.2,show_version,4,0.465,1,,308
1,rustjunosmcp-0.27.2,interfaces_terse,4,0.505,1,,1128
1,rustjunosmcp-0.27.2,config,4,2.386,1,,36802
1,rustjunosmcp-0.27.2,router_list,5,0.183,1,,108
1,rustjunosmcp-0.27.2,facts,5,0.212,1,,568
1,rustjunosmcp-0.27.2,show_version,5,0.454,1,,308
1,rustjunosmcp-0.27.2,interfaces_terse,5,0.452,1,,1128
1,rustjunosmcp-0.27.2,config,5,2.388,1,,36802
1,rustjunosmcp-0.27.2,router_list,6,0.082,1,,108
1,rustjunosmcp-0.27.2,facts,6,0.175,1,,568
1,rustjunosmcp-0.27.2,show_version,6,0.41,1,,308
1,rustjunosmcp-0.27.2,interfaces_terse,6,0.881,1,,1128
1,rustjunosmcp-0.27.2,config,6,3.516,1,,36802
1,rustjunosmcp-0.27.2,router_list,7,0.158,1,,108
1,rustjunosmcp-0.27.2,facts,7,0.248,1,,568
1,rustjunosmcp-0.27.2,show_version,7,0.512,1,,308
1,rustjunosmcp-0.27.2,interfaces_terse,7,0.8,1,,1128
1,rustjunosmcp-0.27.2,config,7,3.509,1,,36802
1,rustjunosmcp-0.27.2,router_list,8,0.136,1,,108
1,rustjunosmcp-0.27.2,facts,8,0.207,1,,568
1,rustjunosmcp-0.27.2,show_version,8,0.592,1,,308
1,rustjunosmcp-0.27.2,interfaces_terse,8,0.377,1,,1128
1,rustjunosmcp-0.27.2,config,8,2.405,1,,36802
1,rustjunosmcp-0.27.2,router_list,9,0.156,1,,108
1,rustjunosmcp-0.27.2,facts,9,0.212,1,,568
1,rustjunosmcp-0.27.2,show_version,9,0.242,1,,308
1,rustjunosmcp-0.27.2,interfaces_terse,9,0.284,1,,1128
1,rustjunosmcp-0.27.2,config,9,2.441,1,,36802
1,rustjunosmcp-0.27.2,router_list,10,0.11,1,,108
1,rustjunosmcp-0.27.2,facts,10,0.172,1,,568
1,rustjunosmcp-0.27.2,show_version,10,0.742,1,,308
1,rustjunosmcp-0.27.2,interfaces_terse,10,0.59,1,,1128
1,rustjunosmcp-0.27.2,config,10,3.889,1,,36802
1,rustjunosmcp-0.27.2,router_list,11,0.177,1,,108
1,rustjunosmcp-0.27.2,facts,11,0.22,1,,568
1,rustjunosmcp-0.27.2,show_version,11,0.512,1,,308
1,rustjunosmcp-0.27.2,interfaces_terse,11,0.372,1,,1128
1,rustjunosmcp-0.27.2,config,11,3.758,1,,36802
1,rustjunosmcp-0.27.2,router_list,12,0.093,1,,108
1,rustjunosmcp-0.27.2,facts,12,0.19,1,,568
1,rustjunosmcp-0.27.2,show_version,12,0.703,1,,308
1,rustjunosmcp-0.27.2,interfaces_terse,12,0.648,1,,1128
1,rustjunosmcp-0.27.2,config,12,3.351,1,,36802
1,rustjunosmcp-0.27.2,router_list,13,0.17,1,,108
1,rustjunosmcp-0.27.2,facts,13,0.259,1,,568
1,rustjunosmcp-0.27.2,show_version,13,0.368,1,,308
1,rustjunosmcp-0.27.2,interfaces_terse,13,0.359,1,,1128
1,rustjunosmcp-0.27.2,config,13,3.045,1,,36802
1,rustjunosmcp-0.27.2,router_list,14,0.053,1,,108
1,rustjunosmcp-0.27.2,facts,14,0.128,1,,568
1,rustjunosmcp-0.27.2,show_version,14,0.288,1,,308
1,rustjunosmcp-0.27.2,interfaces_terse,14,0.352,1,,1128
1,rustjunosmcp-0.27.2,config,14,3.323,1,,36802
1,rustjunosmcp-0.27.2,router_list,15,0.122,1,,108
1,rustjunosmcp-0.27.2,facts,15,0.395,1,,568
1,rustjunosmcp-0.27.2,show_version,15,0.607,1,,308
1,rustjunosmcp-0.27.2,interfaces_terse,15,0.502,1,,1128
1,rustjunosmcp-0.27.2,config,15,3.186,1,,36802
1,rustjunosmcp-0.27.2,router_list,16,0.106,1,,108
1,rustjunosmcp-0.27.2,facts,16,0.188,1,,568
1,rustjunosmcp-0.27.2,show_version,16,0.493,1,,308
1,rustjunosmcp-0.27.2,interfaces_terse,16,0.47,1,,1128
1,rustjunosmcp-0.27.2,config,16,3.041,1,,36802
1,rustjunosmcp-0.27.2,router_list,17,0.066,1,,108
1,rustjunosmcp-0.27.2,facts,17,0.153,1,,568
1,rustjunosmcp-0.27.2,show_version,17,0.314,1,,308
1,rustjunosmcp-0.27.2,interfaces_terse,17,0.342,1,,1128
1,rustjunosmcp-0.27.2,config,17,3.138,1,,36802
1,rustjunosmcp-0.27.2,router_list,18,0.085,1,,108
1,rustjunosmcp-0.27.2,facts,18,0.13,1,,568
1,rustjunosmcp-0.27.2,show_version,18,0.378,1,,308
1,rustjunosmcp-0.27.2,interfaces_terse,18,0.442,1,,1128
1,rustjunosmcp-0.27.2,config,18,3.534,1,,36802
1,rustjunosmcp-0.27.2,router_list,19,0.064,1,,108
1,rustjunosmcp-0.27.2,facts,19,0.143,1,,568
1,rustjunosmcp-0.27.2,show_version,19,0.328,1,,308
1,rustjunosmcp-0.27.2,interfaces_terse,19,0.402,1,,1128
1,rustjunosmcp-0.27.2,config,19,3.326,1,,36802
1,rustjunosmcp-0.27.2,router_list,20,0.108,1,,108
1,rustjunosmcp-0.27.2,facts,20,0.206,1,,569
1,rustjunosmcp-0.27.2,show_version,20,0.365,1,,309
1,rustjunosmcp-0.27.2,interfaces_terse,20,0.367,1,,1129
1,rustjunosmcp-0.27.2,config,20,3.037,1,,36803
1,rustjunosmcp-0.27.2,router_list,21,0.1,1,,109
1,rustjunosmcp-0.27.2,facts,21,0.184,1,,569
1,rustjunosmcp-0.27.2,show_version,21,0.497,1,,309
1,rustjunosmcp-0.27.2,interfaces_terse,21,0.363,1,,1129
1,rustjunosmcp-0.27.2,config,21,3.009,1,,36803
1,rustjunosmcp-0.27.2,router_list,22,0.091,1,,109
1,rustjunosmcp-0.27.2,facts,22,0.148,1,,569
1,rustjunosmcp-0.27.2,show_version,22,0.282,1,,309
1,rustjunosmcp-0.27.2,interfaces_terse,22,0.313,1,,1129
1,rustjunosmcp-0.27.2,config,22,3.089,1,,36803
1,rustjunosmcp-0.27.2,router_list,23,0.084,1,,109
1,rustjunosmcp-0.27.2,facts,23,0.164,1,,569
1,rustjunosmcp-0.27.2,show_version,23,0.41,1,,309
1,rustjunosmcp-0.27.2,interfaces_terse,23,0.393,1,,1129
1,rustjunosmcp-0.27.2,config,23,3.169,1,,36803
1,rustjunosmcp-0.27.2,router_list,24,0.107,1,,109
1,rustjunosmcp-0.27.2,facts,24,0.117,1,,569
1,rustjunosmcp-0.27.2,show_version,24,0.291,1,,309
1,rustjunosmcp-0.27.2,interfaces_terse,24,0.374,1,,1129
1,rustjunosmcp-0.27.2,config,24,3.151,1,,36803
1,rustjunosmcp-0.27.2,router_list,25,0.091,1,,109
1,rustjunosmcp-0.27.2,facts,25,0.11,1,,569
1,rustjunosmcp-0.27.2,show_version,25,0.807,1,,309
1,rustjunosmcp-0.27.2,interfaces_terse,25,0.306,1,,1129
1,rustjunosmcp-0.27.2,config,25,3.211,1,,36803
1,rustjunosmcp-0.27.2,router_list,26,0.1,1,,109
1,rustjunosmcp-0.27.2,facts,26,0.2,1,,569
1,rustjunosmcp-0.27.2,show_version,26,0.5,1,,309
1,rustjunosmcp-0.27.2,interfaces_terse,26,0.355,1,,1129
1,rustjunosmcp-0.27.2,config,26,3.088,1,,36803
1,rustjunosmcp-0.27.2,router_list,27,0.054,1,,109
1,rustjunosmcp-0.27.2,facts,27,0.179,1,,569
1,rustjunosmcp-0.27.2,show_version,27,0.316,1,,309
1,rustjunosmcp-0.27.2,interfaces_terse,27,0.362,1,,1129
1,rustjunosmcp-0.27.2,config,27,3.116,1,,36803
1,rustjunosmcp-0.27.2,router_list,28,0.087,1,,109
1,rustjunosmcp-0.27.2,facts,28,0.111,1,,569
1,rustjunosmcp-0.27.2,show_version,28,0.284,1,,309
1,rustjunosmcp-0.27.2,interfaces_terse,28,0.298,1,,1129
1,rustjunosmcp-0.27.2,config,28,3.05,1,,36803
1,rustjunosmcp-0.27.2,router_list,29,0.059,1,,109
1,rustjunosmcp-0.27.2,facts,29,0.096,1,,569
1,rustjunosmcp-0.27.2,show_version,29,0.444,1,,309
1,rustjunosmcp-0.27.2,interfaces_terse,29,0.395,1,,1129
1,rustjunosmcp-0.27.2,config,29,3.229,1,,36803
1,rustjunosmcp-0.27.2,router_list,30,0.107,1,,109
1,rustjunosmcp-0.27.2,facts,30,0.18,1,,569
1,rustjunosmcp-0.27.2,show_version,30,38.742,1,,309
1,rustjunosmcp-0.27.2,interfaces_terse,30,1.451,1,,1129
1,rustjunosmcp-0.27.2,config,30,4.155,1,,36803
1,juniper-1.1.1,first_call,0,300.648,1,,379
1,juniper-1.1.1,router_list,1,1.85,1,,248
1,juniper-1.1.1,facts,1,1832.443,1,,2631
1,juniper-1.1.1,show_version,1,295.777,1,,379
1,juniper-1.1.1,interfaces_terse,1,295.697,1,,1208
1,juniper-1.1.1,config,1,299.719,1,,36714
1,juniper-1.1.1,router_list,2,1.415,1,,248
1,juniper-1.1.1,facts,2,1825.673,1,,2632
1,juniper-1.1.1,show_version,2,298.487,1,,380
1,juniper-1.1.1,interfaces_terse,2,298.73,1,,1209
1,juniper-1.1.1,config,2,294.386,1,,36715
1,juniper-1.1.1,router_list,3,1.42,1,,249
1,juniper-1.1.1,facts,3,1818.884,1,,2632
1,juniper-1.1.1,show_version,3,297.117,1,,380
1,juniper-1.1.1,interfaces_terse,3,297.047,1,,1209
1,juniper-1.1.1,config,3,295.875,1,,36715
1,juniper-1.1.1,router_list,4,1.133,1,,249
1,juniper-1.1.1,facts,4,1787.935,1,,2632
1,juniper-1.1.1,show_version,4,295.361,1,,380
1,juniper-1.1.1,interfaces_terse,4,295.12,1,,1209
1,juniper-1.1.1,config,4,255.782,1,,36715
1,juniper-1.1.1,router_list,5,1.818,1,,249
1,juniper-1.1.1,facts,5,1832.129,1,,2632
1,juniper-1.1.1,show_version,5,257.974,1,,380
1,juniper-1.1.1,interfaces_terse,5,298.054,1,,1209
1,juniper-1.1.1,config,5,297.974,1,,36715
1,juniper-1.1.1,router_list,6,1.719,1,,249
1,juniper-1.1.1,facts,6,1817.117,1,,2632
1,juniper-1.1.1,show_version,6,258.958,1,,380
1,juniper-1.1.1,interfaces_terse,6,297.501,1,,1209
1,juniper-1.1.1,config,6,299.029,1,,36715
1,juniper-1.1.1,router_list,7,1.071,1,,249
1,juniper-1.1.1,facts,7,1817.814,1,,2632
1,juniper-1.1.1,show_version,7,299.465,1,,380
1,juniper-1.1.1,interfaces_terse,7,298.868,1,,1209
1,juniper-1.1.1,config,7,303.97,1,,36715
1,juniper-1.1.1,router_list,8,1.406,1,,249
1,juniper-1.1.1,facts,8,1831.79,1,,2632
1,juniper-1.1.1,show_version,8,298.965,1,,380
1,juniper-1.1.1,interfaces_terse,8,299.86,1,,1209
1,juniper-1.1.1,config,8,299.877,1,,36715
1,juniper-1.1.1,router_list,9,1.316,1,,249
1,juniper-1.1.1,facts,9,1834.9,1,,2632
1,juniper-1.1.1,show_version,9,297.759,1,,380
1,juniper-1.1.1,interfaces_terse,9,293.94,1,,1209
1,juniper-1.1.1,config,9,294.768,1,,36715
1,juniper-1.1.1,router_list,10,0.862,1,,249
1,juniper-1.1.1,facts,10,1780.087,1,,2632
1,juniper-1.1.1,show_version,10,296.332,1,,380
1,juniper-1.1.1,interfaces_terse,10,299.269,1,,1209
1,juniper-1.1.1,config,10,298.957,1,,36715
1,juniper-1.1.1,router_list,11,1.631,1,,249
1,juniper-1.1.1,facts,11,1815.553,1,,2632
1,juniper-1.1.1,show_version,11,295.661,1,,380
1,juniper-1.1.1,interfaces_terse,11,297.737,1,,1209
1,juniper-1.1.1,config,11,214.204,1,,36715
1,juniper-1.1.1,router_list,12,2.113,1,,249
1,juniper-1.1.1,facts,12,1831.608,1,,2632
1,juniper-1.1.1,show_version,12,298.024,1,,380
1,juniper-1.1.1,interfaces_terse,12,294.296,1,,1209
1,juniper-1.1.1,config,12,295.054,1,,36715
1,juniper-1.1.1,router_list,13,1.117,1,,249
1,juniper-1.1.1,facts,13,1822.699,1,,2632
1,juniper-1.1.1,show_version,13,298.223,1,,380
1,juniper-1.1.1,interfaces_terse,13,296.422,1,,1209
1,juniper-1.1.1,config,13,297.439,1,,36715
1,juniper-1.1.1,router_list,14,1.179,1,,249
1,juniper-1.1.1,facts,14,1832.208,1,,2632
1,juniper-1.1.1,show_version,14,298.906,1,,380
1,juniper-1.1.1,interfaces_terse,14,297.288,1,,1209
1,juniper-1.1.1,config,14,295.1,1,,36715
1,juniper-1.1.1,router_list,15,1.163,1,,249
1,juniper-1.1.1,facts,15,1824.4,1,,2632
1,juniper-1.1.1,show_version,15,299.008,1,,380
1,juniper-1.1.1,interfaces_terse,15,296.953,1,,1209
1,juniper-1.1.1,config,15,297.737,1,,36715
1,juniper-1.1.1,router_list,16,1.004,1,,249
1,juniper-1.1.1,facts,16,1782.22,1,,2632
1,juniper-1.1.1,show_version,16,297.494,1,,380
1,juniper-1.1.1,interfaces_terse,16,298.543,1,,1209
1,juniper-1.1.1,config,16,299.391,1,,36715
1,juniper-1.1.1,router_list,17,1.487,1,,249
1,juniper-1.1.1,facts,17,1823.676,1,,2632
1,juniper-1.1.1,show_version,17,297.311,1,,380
1,juniper-1.1.1,interfaces_terse,17,297.61,1,,1209
1,juniper-1.1.1,config,17,299.968,1,,36715
1,juniper-1.1.1,router_list,18,1.528,1,,249
1,juniper-1.1.1,facts,18,1823.987,1,,2632
1,juniper-1.1.1,show_version,18,298.088,1,,380
1,juniper-1.1.1,interfaces_terse,18,303.028,1,,1207
1,juniper-1.1.1,config,18,300.792,1,,36715
1,juniper-1.1.1,router_list,19,1.675,1,,249
1,juniper-1.1.1,facts,19,1832.11,1,,2632
1,juniper-1.1.1,show_version,19,297.32,1,,380
1,juniper-1.1.1,interfaces_terse,19,298.1,1,,1209
1,juniper-1.1.1,config,19,256.661,1,,36715
1,juniper-1.1.1,router_list,20,1.689,1,,249
1,juniper-1.1.1,facts,20,1826.341,1,,2633
1,juniper-1.1.1,show_version,20,298.099,1,,381
1,juniper-1.1.1,interfaces_terse,20,297.397,1,,1210
1,juniper-1.1.1,config,20,297.235,1,,36716
1,juniper-1.1.1,router_list,21,1.087,1,,250
1,juniper-1.1.1,facts,21,1831.271,1,,2633
1,juniper-1.1.1,show_version,21,296.677,1,,381
1,juniper-1.1.1,interfaces_terse,21,299.975,1,,1210
1,juniper-1.1.1,config,21,299.189,1,,36716
1,juniper-1.1.1,router_list,22,1.128,1,,250
1,juniper-1.1.1,facts,22,1824.614,1,,2633
1,juniper-1.1.1,show_version,22,298.063,1,,381
1,juniper-1.1.1,interfaces_terse,22,300.09,1,,1210
1,juniper-1.1.1,config,22,297.007,1,,36716
1,juniper-1.1.1,router_list,23,1.53,1,,250
1,juniper-1.1.1,facts,23,1829.127,1,,2633
1,juniper-1.1.1,show_version,23,295.915,1,,381
1,juniper-1.1.1,interfaces_terse,23,293.076,1,,1210
1,juniper-1.1.1,config,23,292.141,1,,36716
1,juniper-1.1.1,router_list,24,0.934,1,,250
1,juniper-1.1.1,facts,24,1821.868,1,,2633
1,juniper-1.1.1,show_version,24,294.988,1,,381
1,juniper-1.1.1,interfaces_terse,24,297.252,1,,1210
1,juniper-1.1.1,config,24,300.269,1,,36716
1,juniper-1.1.1,router_list,25,1.239,1,,250
1,juniper-1.1.1,facts,25,1825.792,1,,2633
1,juniper-1.1.1,show_version,25,297.459,1,,381
1,juniper-1.1.1,interfaces_terse,25,297.876,1,,1210
1,juniper-1.1.1,config,25,294.217,1,,36716
1,juniper-1.1.1,router_list,26,0.983,1,,250
1,juniper-1.1.1,facts,26,1829.218,1,,2633
1,juniper-1.1.1,show_version,26,253.84,1,,381
1,juniper-1.1.1,interfaces_terse,26,296.342,1,,1210
1,juniper-1.1.1,config,26,255.624,1,,36716
1,juniper-1.1.1,router_list,27,0.912,1,,250
1,juniper-1.1.1,facts,27,1823.949,1,,2633
1,juniper-1.1.1,show_version,27,292.802,1,,381
1,juniper-1.1.1,interfaces_terse,27,297.749,1,,1210
1,juniper-1.1.1,config,27,296.976,1,,36716
1,juniper-1.1.1,router_list,28,1.119,1,,250
1,juniper-1.1.1,facts,28,1784.88,1,,2633
1,juniper-1.1.1,show_version,28,298.054,1,,381
1,juniper-1.1.1,interfaces_terse,28,298.917,1,,1210
1,juniper-1.1.1,config,28,297.695,1,,36716
1,juniper-1.1.1,router_list,29,1.098,1,,250
1,juniper-1.1.1,facts,29,1825.985,1,,2633
1,juniper-1.1.1,show_version,29,299.974,1,,381
1,juniper-1.1.1,interfaces_terse,29,296.699,1,,1210
1,juniper-1.1.1,config,29,297.415,1,,36716
1,juniper-1.1.1,router_list,30,1.699,1,,250
1,juniper-1.1.1,facts,30,1825.709,1,,2633
1,juniper-1.1.1,show_version,30,298.409,1,,381
1,juniper-1.1.1,interfaces_terse,30,298.48,1,,1210
1,juniper-1.1.1,config,30,299.034,1,,36716
1,shigechika-0.18.0,first_call,0,200.6,1,,360
1,shigechika-0.18.0,router_list,1,1.378,1,,186
1,shigechika-0.18.0,facts,1,1724.352,1,,4028
1,shigechika-0.18.0,show_version,1,99.92,1,,360
1,shigechika-0.18.0,interfaces_terse,1,101.953,1,,2018
1,shigechika-0.18.0,config,1,102.18,1,,73310
1,shigechika-0.18.0,router_list,2,1.736,1,,186
1,shigechika-0.18.0,facts,2,1.947,1,,4029
1,shigechika-0.18.0,show_version,2,96.647,1,,361
1,shigechika-0.18.0,interfaces_terse,2,101.412,1,,2019
1,shigechika-0.18.0,config,2,102.433,1,,73311
1,shigechika-0.18.0,router_list,3,1.089,1,,187
1,shigechika-0.18.0,facts,3,1.108,1,,4029
1,shigechika-0.18.0,show_version,3,98.176,1,,361
1,shigechika-0.18.0,interfaces_terse,3,100.184,1,,2019
1,shigechika-0.18.0,config,3,101.369,1,,73311
1,shigechika-0.18.0,router_list,4,0.703,1,,187
1,shigechika-0.18.0,facts,4,0.958,1,,4029
1,shigechika-0.18.0,show_version,4,100.737,1,,361
1,shigechika-0.18.0,interfaces_terse,4,101.119,1,,2019
1,shigechika-0.18.0,config,4,102.049,1,,73311
1,shigechika-0.18.0,router_list,5,0.961,1,,187
1,shigechika-0.18.0,facts,5,1.803,1,,4029
1,shigechika-0.18.0,show_version,5,97.255,1,,361
1,shigechika-0.18.0,interfaces_terse,5,101.679,1,,2019
1,shigechika-0.18.0,config,5,101.748,1,,73311
1,shigechika-0.18.0,router_list,6,0.865,1,,187
1,shigechika-0.18.0,facts,6,1.063,1,,4029
1,shigechika-0.18.0,show_version,6,98.704,1,,361
1,shigechika-0.18.0,interfaces_terse,6,100.767,1,,2019
1,shigechika-0.18.0,config,6,102.369,1,,73311
1,shigechika-0.18.0,router_list,7,1.45,1,,187
1,shigechika-0.18.0,facts,7,1.102,1,,4029
1,shigechika-0.18.0,show_version,7,98.853,1,,361
1,shigechika-0.18.0,interfaces_terse,7,100.267,1,,2019
1,shigechika-0.18.0,config,7,102.492,1,,73311
1,shigechika-0.18.0,router_list,8,0.831,1,,187
1,shigechika-0.18.0,facts,8,1.047,1,,4029
1,shigechika-0.18.0,show_version,8,100.544,1,,361
1,shigechika-0.18.0,interfaces_terse,8,102.793,1,,2019
1,shigechika-0.18.0,config,8,102.398,1,,73311
1,shigechika-0.18.0,router_list,9,0.711,1,,187
1,shigechika-0.18.0,facts,9,0.866,1,,4029
1,shigechika-0.18.0,show_version,9,99.318,1,,361
1,shigechika-0.18.0,interfaces_terse,9,103.356,1,,2019
1,shigechika-0.18.0,config,9,103.251,1,,73311
1,shigechika-0.18.0,router_list,10,1.392,1,,187
1,shigechika-0.18.0,facts,10,1.504,1,,4029
1,shigechika-0.18.0,show_version,10,98.918,1,,361
1,shigechika-0.18.0,interfaces_terse,10,101.776,1,,2019
1,shigechika-0.18.0,config,10,102.503,1,,73311
1,shigechika-0.18.0,router_list,11,1.32,1,,187
1,shigechika-0.18.0,facts,11,1.389,1,,4029
1,shigechika-0.18.0,show_version,11,99.814,1,,361
1,shigechika-0.18.0,interfaces_terse,11,102.516,1,,2019
1,shigechika-0.18.0,config,11,102.155,1,,73311
1,shigechika-0.18.0,router_list,12,1.369,1,,187
1,shigechika-0.18.0,facts,12,1.246,1,,4029
1,shigechika-0.18.0,show_version,12,98.957,1,,361
1,shigechika-0.18.0,interfaces_terse,12,102.752,1,,2019
1,shigechika-0.18.0,config,12,102.551,1,,73311
1,shigechika-0.18.0,router_list,13,1.377,1,,187
1,shigechika-0.18.0,facts,13,1.559,1,,4029
1,shigechika-0.18.0,show_version,13,98.767,1,,361
1,shigechika-0.18.0,interfaces_terse,13,101.96,1,,2019
1,shigechika-0.18.0,config,13,103.86,1,,73311
1,shigechika-0.18.0,router_list,14,1.316,1,,187
1,shigechika-0.18.0,facts,14,1.406,1,,4029
1,shigechika-0.18.0,show_version,14,99.514,1,,361
1,shigechika-0.18.0,interfaces_terse,14,102.388,1,,2019
1,shigechika-0.18.0,config,14,102.546,1,,73311
1,shigechika-0.18.0,router_list,15,1.329,1,,187
1,shigechika-0.18.0,facts,15,1.424,1,,4029
1,shigechika-0.18.0,show_version,15,98.644,1,,361
1,shigechika-0.18.0,interfaces_terse,15,104.068,1,,2019
1,shigechika-0.18.0,config,15,101.473,1,,73311
1,shigechika-0.18.0,router_list,16,2.0,1,,187
1,shigechika-0.18.0,facts,16,2.094,1,,4029
1,shigechika-0.18.0,show_version,16,96.462,1,,361
1,shigechika-0.18.0,interfaces_terse,16,100.192,1,,2019
1,shigechika-0.18.0,config,16,103.039,1,,73311
1,shigechika-0.18.0,router_list,17,2.339,1,,187
1,shigechika-0.18.0,facts,17,1.63,1,,4029
1,shigechika-0.18.0,show_version,17,97.384,1,,361
1,shigechika-0.18.0,interfaces_terse,17,100.528,1,,2019
1,shigechika-0.18.0,config,17,100.218,1,,73311
1,shigechika-0.18.0,router_list,18,1.875,1,,187
1,shigechika-0.18.0,facts,18,1.533,1,,4029
1,shigechika-0.18.0,show_version,18,99.247,1,,361
1,shigechika-0.18.0,interfaces_terse,18,101.165,1,,2019
1,shigechika-0.18.0,config,18,99.975,1,,73311
1,shigechika-0.18.0,router_list,19,2.043,1,,187
1,shigechika-0.18.0,facts,19,1.928,1,,4029
1,shigechika-0.18.0,show_version,19,96.829,1,,361
1,shigechika-0.18.0,interfaces_terse,19,102.371,1,,2019
1,shigechika-0.18.0,config,19,102.736,1,,73311
1,shigechika-0.18.0,router_list,20,1.689,1,,187
1,shigechika-0.18.0,facts,20,1.504,1,,4030
1,shigechika-0.18.0,show_version,20,97.605,1,,362
1,shigechika-0.18.0,interfaces_terse,20,101.454,1,,2020
1,shigechika-0.18.0,config,20,103.029,1,,73312
1,shigechika-0.18.0,router_list,21,1.39,1,,188
1,shigechika-0.18.0,facts,21,1.511,1,,4030
1,shigechika-0.18.0,show_version,21,97.969,1,,362
1,shigechika-0.18.0,interfaces_terse,21,101.194,1,,2020
1,shigechika-0.18.0,config,21,103.669,1,,73312
1,shigechika-0.18.0,router_list,22,1.821,1,,188
1,shigechika-0.18.0,facts,22,2.28,1,,4030
1,shigechika-0.18.0,show_version,22,96.997,1,,362
1,shigechika-0.18.0,interfaces_terse,22,102.232,1,,2020
1,shigechika-0.18.0,config,22,102.511,1,,73312
1,shigechika-0.18.0,router_list,23,1.813,1,,188
1,shigechika-0.18.0,facts,23,1.95,1,,4030
1,shigechika-0.18.0,show_version,23,97.794,1,,362
1,shigechika-0.18.0,interfaces_terse,23,101.467,1,,2020
1,shigechika-0.18.0,config,23,102.408,1,,73312
1,shigechika-0.18.0,router_list,24,1.62,1,,188
1,shigechika-0.18.0,facts,24,1.486,1,,4030
1,shigechika-0.18.0,show_version,24,97.943,1,,362
1,shigechika-0.18.0,interfaces_terse,24,101.792,1,,2020
1,shigechika-0.18.0,config,24,102.581,1,,73312
1,shigechika-0.18.0,router_list,25,1.816,1,,188
1,shigechika-0.18.0,facts,25,2.004,1,,4030
1,shigechika-0.18.0,show_version,25,97.767,1,,362
1,shigechika-0.18.0,interfaces_terse,25,101.996,1,,2020
1,shigechika-0.18.0,config,25,102.278,1,,73312
1,shigechika-0.18.0,router_list,26,1.859,1,,188
1,shigechika-0.18.0,facts,26,1.947,1,,4030
1,shigechika-0.18.0,show_version,26,97.554,1,,362
1,shigechika-0.18.0,interfaces_terse,26,101.635,1,,2020
1,shigechika-0.18.0,config,26,102.733,1,,73312
1,shigechika-0.18.0,router_list,27,2.19,1,,188
1,shigechika-0.18.0,facts,27,2.509,1,,4030
1,shigechika-0.18.0,show_version,27,95.832,1,,362
1,shigechika-0.18.0,interfaces_terse,27,101.97,1,,2020
1,shigechika-0.18.0,config,27,101.18,1,,73312
1,shigechika-0.18.0,router_list,28,1.141,1,,188
1,shigechika-0.18.0,facts,28,1.012,1,,4030
1,shigechika-0.18.0,show_version,28,99.25,1,,362
1,shigechika-0.18.0,interfaces_terse,28,101.201,1,,2020
1,shigechika-0.18.0,config,28,101.46,1,,73312
1,shigechika-0.18.0,router_list,29,0.971,1,,188
1,shigechika-0.18.0,facts,29,1.036,1,,4030
1,shigechika-0.18.0,show_version,29,100.406,1,,362
1,shigechika-0.18.0,interfaces_terse,29,101.292,1,,2020
1,shigechika-0.18.0,config,29,101.756,1,,73312
1,shigechika-0.18.0,router_list,30,0.991,1,,188
1,shigechika-0.18.0,facts,30,1.063,1,,4030
1,shigechika-0.18.0,show_version,30,98.923,1,,362
1,shigechika-0.18.0,interfaces_terse,30,101.878,1,,2020
1,shigechika-0.18.0,config,30,100.959,1,,73312
1,shigechika-0.22.0,first_call,0,198.854,1,,360
1,shigechika-0.22.0,router_list,1,1.002,1,,186
1,shigechika-0.22.0,facts,1,1733.449,1,,4028
1,shigechika-0.22.0,show_version,1,100.435,1,,360
1,shigechika-0.22.0,interfaces_terse,1,102.073,1,,2018
1,shigechika-0.22.0,config,1,102.742,1,,73310
1,shigechika-0.22.0,router_list,2,1.258,1,,186
1,shigechika-0.22.0,facts,2,1.434,1,,4029
1,shigechika-0.22.0,show_version,2,97.422,1,,361
1,shigechika-0.22.0,interfaces_terse,2,102.637,1,,2019
1,shigechika-0.22.0,config,2,102.823,1,,73311
1,shigechika-0.22.0,router_list,3,1.401,1,,187
1,shigechika-0.22.0,facts,3,1.337,1,,4029
1,shigechika-0.22.0,show_version,3,98.131,1,,361
1,shigechika-0.22.0,interfaces_terse,3,100.867,1,,2019
1,shigechika-0.22.0,config,3,102.715,1,,73311
1,shigechika-0.22.0,router_list,4,0.796,1,,187
1,shigechika-0.22.0,facts,4,0.817,1,,4029
1,shigechika-0.22.0,show_version,4,99.383,1,,361
1,shigechika-0.22.0,interfaces_terse,4,101.899,1,,2019
1,shigechika-0.22.0,config,4,102.364,1,,73311
1,shigechika-0.22.0,router_list,5,0.992,1,,187
1,shigechika-0.22.0,facts,5,1.416,1,,4029
1,shigechika-0.22.0,show_version,5,98.573,1,,361
1,shigechika-0.22.0,interfaces_terse,5,102.473,1,,2019
1,shigechika-0.22.0,config,5,102.155,1,,73311
1,shigechika-0.22.0,router_list,6,0.623,1,,187
1,shigechika-0.22.0,facts,6,1.111,1,,4029
1,shigechika-0.22.0,show_version,6,99.196,1,,361
1,shigechika-0.22.0,interfaces_terse,6,102.375,1,,2019
1,shigechika-0.22.0,config,6,102.68,1,,73311
1,shigechika-0.22.0,router_list,7,0.859,1,,187
1,shigechika-0.22.0,facts,7,1.322,1,,4029
1,shigechika-0.22.0,show_version,7,99.586,1,,361
1,shigechika-0.22.0,interfaces_terse,7,101.789,1,,2019
1,shigechika-0.22.0,config,7,102.982,1,,73311
1,shigechika-0.22.0,router_list,8,0.821,1,,187
1,shigechika-0.22.0,facts,8,1.242,1,,4029
1,shigechika-0.22.0,show_version,8,98.834,1,,361
1,shigechika-0.22.0,interfaces_terse,8,101.704,1,,2019
1,shigechika-0.22.0,config,8,101.1,1,,73311
1,shigechika-0.22.0,router_list,9,0.878,1,,187
1,shigechika-0.22.0,facts,9,0.775,1,,4029
1,shigechika-0.22.0,show_version,9,100.731,1,,361
1,shigechika-0.22.0,interfaces_terse,9,101.647,1,,2019
1,shigechika-0.22.0,config,9,102.467,1,,73311
1,shigechika-0.22.0,router_list,10,0.787,1,,187
1,shigechika-0.22.0,facts,10,1.131,1,,4029
1,shigechika-0.22.0,show_version,10,99.373,1,,361
1,shigechika-0.22.0,interfaces_terse,10,102.302,1,,2019
1,shigechika-0.22.0,config,10,102.29,1,,73311
1,shigechika-0.22.0,router_list,11,0.706,1,,187
1,shigechika-0.22.0,facts,11,1.403,1,,4029
1,shigechika-0.22.0,show_version,11,99.875,1,,361
1,shigechika-0.22.0,interfaces_terse,11,101.434,1,,2019
1,shigechika-0.22.0,config,11,102.533,1,,73311
1,shigechika-0.22.0,router_list,12,0.859,1,,187
1,shigechika-0.22.0,facts,12,1.313,1,,4029
1,shigechika-0.22.0,show_version,12,99.66,1,,361
1,shigechika-0.22.0,interfaces_terse,12,102.125,1,,2019
1,shigechika-0.22.0,config,12,102.465,1,,73311
1,shigechika-0.22.0,router_list,13,1.301,1,,187
1,shigechika-0.22.0,facts,13,1.821,1,,4029
1,shigechika-0.22.0,show_version,13,98.859,1,,361
1,shigechika-0.22.0,interfaces_terse,13,101.184,1,,2019
1,shigechika-0.22.0,config,13,103.166,1,,73311
1,shigechika-0.22.0,router_list,14,1.088,1,,187
1,shigechika-0.22.0,facts,14,1.421,1,,4029
1,shigechika-0.22.0,show_version,14,98.596,1,,361
1,shigechika-0.22.0,interfaces_terse,14,102.335,1,,2019
1,shigechika-0.22.0,config,14,101.68,1,,73311
1,shigechika-0.22.0,router_list,15,1.255,1,,187
1,shigechika-0.22.0,facts,15,1.643,1,,4029
1,shigechika-0.22.0,show_version,15,99.11,1,,361
1,shigechika-0.22.0,interfaces_terse,15,101.761,1,,2019
1,shigechika-0.22.0,config,15,102.767,1,,73311
1,shigechika-0.22.0,router_list,16,1.172,1,,187
1,shigechika-0.22.0,facts,16,1.284,1,,4029
1,shigechika-0.22.0,show_version,16,98.547,1,,361
1,shigechika-0.22.0,interfaces_terse,16,102.276,1,,2019
1,shigechika-0.22.0,config,16,101.486,1,,73311
1,shigechika-0.22.0,router_list,17,0.57,1,,187
1,shigechika-0.22.0,facts,17,0.694,1,,4029
1,shigechika-0.22.0,show_version,17,101.058,1,,361
1,shigechika-0.22.0,interfaces_terse,17,101.288,1,,2019
1,shigechika-0.22.0,config,17,102.192,1,,73311
1,shigechika-0.22.0,router_list,18,0.864,1,,187
1,shigechika-0.22.0,facts,18,1.488,1,,4029
1,shigechika-0.22.0,show_version,18,98.605,1,,361
1,shigechika-0.22.0,interfaces_terse,18,101.552,1,,2019
1,shigechika-0.22.0,config,18,103.22,1,,73311
1,shigechika-0.22.0,router_list,19,0.888,1,,187
1,shigechika-0.22.0,facts,19,1.555,1,,4029
1,shigechika-0.22.0,show_version,19,98.774,1,,361
1,shigechika-0.22.0,interfaces_terse,19,101.546,1,,2019
1,shigechika-0.22.0,config,19,102.051,1,,73311
1,shigechika-0.22.0,router_list,20,0.812,1,,187
1,shigechika-0.22.0,facts,20,1.541,1,,4030
1,shigechika-0.22.0,show_version,20,98.392,1,,362
1,shigechika-0.22.0,interfaces_terse,20,101.402,1,,2020
1,shigechika-0.22.0,config,20,102.92,1,,73312
1,shigechika-0.22.0,router_list,21,0.817,1,,188
1,shigechika-0.22.0,facts,21,1.273,1,,4030
1,shigechika-0.22.0,show_version,21,99.385,1,,362
1,shigechika-0.22.0,interfaces_terse,21,102.134,1,,2020
1,shigechika-0.22.0,config,21,101.236,1,,73312
1,shigechika-0.22.0,router_list,22,0.523,1,,188
1,shigechika-0.22.0,facts,22,0.916,1,,4030
1,shigechika-0.22.0,show_version,22,100.982,1,,362
1,shigechika-0.22.0,interfaces_terse,22,101.781,1,,2020
1,shigechika-0.22.0,config,22,102.831,1,,73312
1,shigechika-0.22.0,router_list,23,0.853,1,,188
1,shigechika-0.22.0,facts,23,1.303,1,,4030
1,shigechika-0.22.0,show_version,23,98.981,1,,362
1,shigechika-0.22.0,interfaces_terse,23,101.736,1,,2020
1,shigechika-0.22.0,config,23,102.942,1,,73312
1,shigechika-0.22.0,router_list,24,1.225,1,,188
1,shigechika-0.22.0,facts,24,1.123,1,,4030
1,shigechika-0.22.0,show_version,24,97.913,1,,362
1,shigechika-0.22.0,interfaces_terse,24,102.559,1,,2020
1,shigechika-0.22.0,config,24,101.586,1,,73312
1,shigechika-0.22.0,router_list,25,0.568,1,,188
1,shigechika-0.22.0,facts,25,1.245,1,,4030
1,shigechika-0.22.0,show_version,25,100.402,1,,362
1,shigechika-0.22.0,interfaces_terse,25,100.758,1,,2020
1,shigechika-0.22.0,config,25,102.792,1,,73312
1,shigechika-0.22.0,router_list,26,1.144,1,,188
1,shigechika-0.22.0,facts,26,1.787,1,,4030
1,shigechika-0.22.0,show_version,26,99.134,1,,362
1,shigechika-0.22.0,interfaces_terse,26,100.967,1,,2020
1,shigechika-0.22.0,config,26,102.785,1,,73312
1,shigechika-0.22.0,router_list,27,1.026,1,,188
1,shigechika-0.22.0,facts,27,1.673,1,,4030
1,shigechika-0.22.0,show_version,27,97.867,1,,362
1,shigechika-0.22.0,interfaces_terse,27,102.496,1,,2020
1,shigechika-0.22.0,config,27,101.567,1,,73312
1,shigechika-0.22.0,router_list,28,1.333,1,,188
1,shigechika-0.22.0,facts,28,1.226,1,,4030
1,shigechika-0.22.0,show_version,28,99.162,1,,362
1,shigechika-0.22.0,interfaces_terse,28,101.046,1,,2020
1,shigechika-0.22.0,config,28,102.294,1,,73312
1,shigechika-0.22.0,router_list,29,0.655,1,,188
1,shigechika-0.22.0,facts,29,1.495,1,,4030
1,shigechika-0.22.0,show_version,29,100.043,1,,362
1,shigechika-0.22.0,interfaces_terse,29,101.28,1,,2020
1,shigechika-0.22.0,config,29,103.129,1,,73312
1,shigechika-0.22.0,router_list,30,1.147,1,,188
1,shigechika-0.22.0,facts,30,1.383,1,,4030
1,shigechika-0.22.0,show_version,30,98.776,1,,362
1,shigechika-0.22.0,interfaces_terse,30,102.051,1,,2020
1,shigechika-0.22.0,config,30,102.172,1,,73312
2,juniper-1.1.1,first_call,0,300.126,1,,379
2,juniper-1.1.1,router_list,1,1.345,1,,248
2,juniper-1.1.1,facts,1,1822.187,1,,2631
2,juniper-1.1.1,show_version,1,297.887,1,,379
2,juniper-1.1.1,interfaces_terse,1,298.584,1,,1208
2,juniper-1.1.1,config,1,298.946,1,,36714
2,juniper-1.1.1,router_list,2,1.262,1,,248
2,juniper-1.1.1,facts,2,1824.816,1,,2632
2,juniper-1.1.1,show_version,2,297.438,1,,380
2,juniper-1.1.1,interfaces_terse,2,297.854,1,,1209
2,juniper-1.1.1,config,2,298.419,1,,36715
2,juniper-1.1.1,router_list,3,1.784,1,,249
2,juniper-1.1.1,facts,3,1821.717,1,,2632
2,juniper-1.1.1,show_version,3,298.048,1,,380
2,juniper-1.1.1,interfaces_terse,3,298.388,1,,1209
2,juniper-1.1.1,config,3,296.493,1,,36715
2,juniper-1.1.1,router_list,4,2.893,1,,249
2,juniper-1.1.1,facts,4,1821.628,1,,2632
2,juniper-1.1.1,show_version,4,297.418,1,,380
2,juniper-1.1.1,interfaces_terse,4,297.822,1,,1209
2,juniper-1.1.1,config,4,296.788,1,,36715
2,juniper-1.1.1,router_list,5,1.751,1,,249
2,juniper-1.1.1,facts,5,1821.003,1,,2632
2,juniper-1.1.1,show_version,5,298.892,1,,380
2,juniper-1.1.1,interfaces_terse,5,295.974,1,,1209
2,juniper-1.1.1,config,5,296.928,1,,36715
2,juniper-1.1.1,router_list,6,1.129,1,,249
2,juniper-1.1.1,facts,6,1816.377,1,,2632
2,juniper-1.1.1,show_version,6,293.605,1,,380
2,juniper-1.1.1,interfaces_terse,6,295.837,1,,1209
2,juniper-1.1.1,config,6,297.573,1,,36715
2,juniper-1.1.1,router_list,7,1.552,1,,249
2,juniper-1.1.1,facts,7,1812.419,1,,2632
2,juniper-1.1.1,show_version,7,296.762,1,,380
2,juniper-1.1.1,interfaces_terse,7,294.78,1,,1209
2,juniper-1.1.1,config,7,295.084,1,,36715
2,juniper-1.1.1,router_list,8,1.733,1,,249
2,juniper-1.1.1,facts,8,1820.495,1,,2632
2,juniper-1.1.1,show_version,8,296.991,1,,380
2,juniper-1.1.1,interfaces_terse,8,296.324,1,,1209
2,juniper-1.1.1,config,8,297.076,1,,36715
2,juniper-1.1.1,router_list,9,2.481,1,,249
2,juniper-1.1.1,facts,9,1819.898,1,,2632
2,juniper-1.1.1,show_version,9,294.398,1,,380
2,juniper-1.1.1,interfaces_terse,9,297.922,1,,1209
2,juniper-1.1.1,config,9,298.348,1,,36715
2,juniper-1.1.1,router_list,10,1.263,1,,249
2,juniper-1.1.1,facts,10,1826.677,1,,2632
2,juniper-1.1.1,show_version,10,297.712,1,,380
2,juniper-1.1.1,interfaces_terse,10,297.854,1,,1209
2,juniper-1.1.1,config,10,300.767,1,,36715
2,juniper-1.1.1,router_list,11,1.691,1,,249
2,juniper-1.1.1,facts,11,1816.658,1,,2632
2,juniper-1.1.1,show_version,11,298.06,1,,380
2,juniper-1.1.1,interfaces_terse,11,300.155,1,,1209
2,juniper-1.1.1,config,11,297.123,1,,36715
2,juniper-1.1.1,router_list,12,1.595,1,,249
2,juniper-1.1.1,facts,12,1824.972,1,,2632
2,juniper-1.1.1,show_version,12,299.822,1,,380
2,juniper-1.1.1,interfaces_terse,12,299.679,1,,1209
2,juniper-1.1.1,config,12,300.272,1,,36715
2,juniper-1.1.1,router_list,13,1.827,1,,249
2,juniper-1.1.1,facts,13,1822.802,1,,2632
2,juniper-1.1.1,show_version,13,299.069,1,,380
2,juniper-1.1.1,interfaces_terse,13,301.002,1,,1209
2,juniper-1.1.1,config,13,298.472,1,,36715
2,juniper-1.1.1,router_list,14,1.25,1,,249
2,juniper-1.1.1,facts,14,1825.884,1,,2632
2,juniper-1.1.1,show_version,14,300.337,1,,380
2,juniper-1.1.1,interfaces_terse,14,299.864,1,,1209
2,juniper-1.1.1,config,14,297.947,1,,36715
2,juniper-1.1.1,router_list,15,1.296,1,,249
2,juniper-1.1.1,facts,15,1819.279,1,,2632
2,juniper-1.1.1,show_version,15,298.305,1,,380
2,juniper-1.1.1,interfaces_terse,15,296.937,1,,1209
2,juniper-1.1.1,config,15,298.284,1,,36715
2,juniper-1.1.1,router_list,16,1.78,1,,249
2,juniper-1.1.1,facts,16,1816.234,1,,2632
2,juniper-1.1.1,show_version,16,299.137,1,,380
2,juniper-1.1.1,interfaces_terse,16,298.812,1,,1209
2,juniper-1.1.1,config,16,298.06,1,,36715
2,juniper-1.1.1,router_list,17,1.746,1,,249
2,juniper-1.1.1,facts,17,1829.493,1,,2632
2,juniper-1.1.1,show_version,17,299.208,1,,380
2,juniper-1.1.1,interfaces_terse,17,297.769,1,,1209
2,juniper-1.1.1,config,17,299.828,1,,36715
2,juniper-1.1.1,router_list,18,1.65,1,,249
2,juniper-1.1.1,facts,18,1817.57,1,,2632
2,juniper-1.1.1,show_version,18,257.042,1,,380
2,juniper-1.1.1,interfaces_terse,18,296.25,1,,1209
2,juniper-1.1.1,config,18,300.734,1,,36715
2,juniper-1.1.1,router_list,19,1.667,1,,249
2,juniper-1.1.1,facts,19,1813.875,1,,2632
2,juniper-1.1.1,show_version,19,292.767,1,,379
2,juniper-1.1.1,interfaces_terse,19,294.038,1,,1209
2,juniper-1.1.1,config,19,296.137,1,,36715
2,juniper-1.1.1,router_list,20,1.611,1,,249
2,juniper-1.1.1,facts,20,1809.751,1,,2633
2,juniper-1.1.1,show_version,20,295.594,1,,381
2,juniper-1.1.1,interfaces_terse,20,294.0,1,,1210
2,juniper-1.1.1,config,20,296.556,1,,36716
2,juniper-1.1.1,router_list,21,1.066,1,,250
2,juniper-1.1.1,facts,21,1810.547,1,,2633
2,juniper-1.1.1,show_version,21,295.592,1,,381
2,juniper-1.1.1,interfaces_terse,21,295.883,1,,1210
2,juniper-1.1.1,config,21,294.334,1,,36716
2,juniper-1.1.1,router_list,22,1.385,1,,250
2,juniper-1.1.1,facts,22,1811.994,1,,2633
2,juniper-1.1.1,show_version,22,296.72,1,,381
2,juniper-1.1.1,interfaces_terse,22,293.914,1,,1210
2,juniper-1.1.1,config,22,291.66,1,,36716
2,juniper-1.1.1,router_list,23,1.021,1,,250
2,juniper-1.1.1,facts,23,1810.364,1,,2633
2,juniper-1.1.1,show_version,23,295.739,1,,381
2,juniper-1.1.1,interfaces_terse,23,295.038,1,,1210
2,juniper-1.1.1,config,23,297.829,1,,36716
2,juniper-1.1.1,router_list,24,1.337,1,,250
2,juniper-1.1.1,facts,24,1817.229,1,,2633
2,juniper-1.1.1,show_version,24,295.513,1,,381
2,juniper-1.1.1,interfaces_terse,24,298.371,1,,1210
2,juniper-1.1.1,config,24,298.772,1,,36716
2,juniper-1.1.1,router_list,25,1.965,1,,250
2,juniper-1.1.1,facts,25,1817.944,1,,2633
2,juniper-1.1.1,show_version,25,213.36,1,,381
2,juniper-1.1.1,interfaces_terse,25,295.423,1,,1210
2,juniper-1.1.1,config,25,297.091,1,,36716
2,juniper-1.1.1,router_list,26,1.262,1,,250
2,juniper-1.1.1,facts,26,1825.54,1,,2633
2,juniper-1.1.1,show_version,26,295.981,1,,381
2,juniper-1.1.1,interfaces_terse,26,293.366,1,,1210
2,juniper-1.1.1,config,26,292.851,1,,36716
2,juniper-1.1.1,router_list,27,1.021,1,,250
2,juniper-1.1.1,facts,27,1816.314,1,,2633
2,juniper-1.1.1,show_version,27,297.858,1,,381
2,juniper-1.1.1,interfaces_terse,27,296.169,1,,1210
2,juniper-1.1.1,config,27,256.31,1,,36716
2,juniper-1.1.1,router_list,28,0.982,1,,250
2,juniper-1.1.1,facts,28,1817.256,1,,2633
2,juniper-1.1.1,show_version,28,294.927,1,,381
2,juniper-1.1.1,interfaces_terse,28,295.844,1,,1210
2,juniper-1.1.1,config,28,296.198,1,,36716
2,juniper-1.1.1,router_list,29,1.411,1,,250
2,juniper-1.1.1,facts,29,1814.901,1,,2633
2,juniper-1.1.1,show_version,29,296.454,1,,381
2,juniper-1.1.1,interfaces_terse,29,295.625,1,,1210
2,juniper-1.1.1,config,29,299.198,1,,36716
2,juniper-1.1.1,router_list,30,1.598,1,,250
2,juniper-1.1.1,facts,30,1819.882,1,,2633
2,juniper-1.1.1,show_version,30,297.925,1,,381
2,juniper-1.1.1,interfaces_terse,30,294.02,1,,1210
2,juniper-1.1.1,config,30,295.792,1,,36716
2,shigechika-0.18.0,first_call,0,201.918,1,,360
2,shigechika-0.18.0,router_list,1,1.432,1,,186
2,shigechika-0.18.0,facts,1,1717.405,1,,4028
2,shigechika-0.18.0,show_version,1,100.373,1,,360
2,shigechika-0.18.0,interfaces_terse,1,101.809,1,,2018
2,shigechika-0.18.0,config,1,102.252,1,,73310
2,shigechika-0.18.0,router_list,2,1.87,1,,186
2,shigechika-0.18.0,facts,2,1.414,1,,4029
2,shigechika-0.18.0,show_version,2,97.389,1,,361
2,shigechika-0.18.0,interfaces_terse,2,101.341,1,,2019
2,shigechika-0.18.0,config,2,101.724,1,,73311
2,shigechika-0.18.0,router_list,3,1.569,1,,187
2,shigechika-0.18.0,facts,3,1.496,1,,4029
2,shigechika-0.18.0,show_version,3,97.767,1,,361
2,shigechika-0.18.0,interfaces_terse,3,101.559,1,,2019
2,shigechika-0.18.0,config,3,101.151,1,,73311
2,shigechika-0.18.0,router_list,4,1.741,1,,187
2,shigechika-0.18.0,facts,4,1.818,1,,4029
2,shigechika-0.18.0,show_version,4,97.035,1,,361
2,shigechika-0.18.0,interfaces_terse,4,101.029,1,,2019
2,shigechika-0.18.0,config,4,101.686,1,,73311
2,shigechika-0.18.0,router_list,5,2.001,1,,187
2,shigechika-0.18.0,facts,5,2.771,1,,4029
2,shigechika-0.18.0,show_version,5,95.39,1,,361
2,shigechika-0.18.0,interfaces_terse,5,101.524,1,,2019
2,shigechika-0.18.0,config,5,101.266,1,,73311
2,shigechika-0.18.0,router_list,6,1.821,1,,187
2,shigechika-0.18.0,facts,6,1.53,1,,4029
2,shigechika-0.18.0,show_version,6,97.388,1,,361
2,shigechika-0.18.0,interfaces_terse,6,101.48,1,,2019
2,shigechika-0.18.0,config,6,100.976,1,,73311
2,shigechika-0.18.0,router_list,7,1.723,1,,187
2,shigechika-0.18.0,facts,7,1.564,1,,4029
2,shigechika-0.18.0,show_version,7,98.105,1,,361
2,shigechika-0.18.0,interfaces_terse,7,100.413,1,,2019
2,shigechika-0.18.0,config,7,101.803,1,,73311
2,shigechika-0.18.0,router_list,8,2.04,1,,187
2,shigechika-0.18.0,facts,8,1.818,1,,4029
2,shigechika-0.18.0,show_version,8,95.864,1,,361
2,shigechika-0.18.0,interfaces_terse,8,102.276,1,,2019
2,shigechika-0.18.0,config,8,101.863,1,,73311
2,shigechika-0.18.0,router_list,9,2.136,1,,187
2,shigechika-0.18.0,facts,9,2.047,1,,4029
2,shigechika-0.18.0,show_version,9,96.341,1,,361
2,shigechika-0.18.0,interfaces_terse,9,100.914,1,,2019
2,shigechika-0.18.0,config,9,101.976,1,,73311
2,shigechika-0.18.0,router_list,10,1.76,1,,187
2,shigechika-0.18.0,facts,10,1.459,1,,4029
2,shigechika-0.18.0,show_version,10,97.839,1,,361
2,shigechika-0.18.0,interfaces_terse,10,101.358,1,,2019
2,shigechika-0.18.0,config,10,101.082,1,,73311
2,shigechika-0.18.0,router_list,11,1.89,1,,187
2,shigechika-0.18.0,facts,11,1.921,1,,4029
2,shigechika-0.18.0,show_version,11,97.303,1,,361
2,shigechika-0.18.0,interfaces_terse,11,100.414,1,,2019
2,shigechika-0.18.0,config,11,101.828,1,,73311
2,shigechika-0.18.0,router_list,12,1.652,1,,187
2,shigechika-0.18.0,facts,12,1.456,1,,4029
2,shigechika-0.18.0,show_version,12,97.826,1,,361
2,shigechika-0.18.0,interfaces_terse,12,100.861,1,,2019
2,shigechika-0.18.0,config,12,101.803,1,,73311
2,shigechika-0.18.0,router_list,13,1.491,1,,187
2,shigechika-0.18.0,facts,13,1.571,1,,4029
2,shigechika-0.18.0,show_version,13,97.32,1,,361
2,shigechika-0.18.0,interfaces_terse,13,101.978,1,,2019
2,shigechika-0.18.0,config,13,101.351,1,,73311
2,shigechika-0.18.0,router_list,14,1.531,1,,187
2,shigechika-0.18.0,facts,14,1.375,1,,4029
2,shigechika-0.18.0,show_version,14,98.209,1,,361
2,shigechika-0.18.0,interfaces_terse,14,101.08,1,,2019
2,shigechika-0.18.0,config,14,102.211,1,,73311
2,shigechika-0.18.0,router_list,15,1.398,1,,187
2,shigechika-0.18.0,facts,15,1.477,1,,4029
2,shigechika-0.18.0,show_version,15,98.171,1,,361
2,shigechika-0.18.0,interfaces_terse,15,101.089,1,,2019
2,shigechika-0.18.0,config,15,101.5,1,,73311
2,shigechika-0.18.0,router_list,16,1.95,1,,187
2,shigechika-0.18.0,facts,16,2.02,1,,4029
2,shigechika-0.18.0,show_version,16,97.261,1,,361
2,shigechika-0.18.0,interfaces_terse,16,100.875,1,,2019
2,shigechika-0.18.0,config,16,102.337,1,,73311
2,shigechika-0.18.0,router_list,17,1.693,1,,187
2,shigechika-0.18.0,facts,17,1.549,1,,4029
2,shigechika-0.18.0,show_version,17,96.939,1,,361
2,shigechika-0.18.0,interfaces_terse,17,101.397,1,,2019
2,shigechika-0.18.0,config,17,101.57,1,,73311
2,shigechika-0.18.0,router_list,18,1.322,1,,187
2,shigechika-0.18.0,facts,18,1.423,1,,4029
2,shigechika-0.18.0,show_version,18,98.674,1,,361
2,shigechika-0.18.0,interfaces_terse,18,101.013,1,,2019
2,shigechika-0.18.0,config,18,101.874,1,,73311
2,shigechika-0.18.0,router_list,19,1.482,1,,187
2,shigechika-0.18.0,facts,19,1.54,1,,4029
2,shigechika-0.18.0,show_version,19,97.453,1,,361
2,shigechika-0.18.0,interfaces_terse,19,101.26,1,,2019
2,shigechika-0.18.0,config,19,101.395,1,,73311
2,shigechika-0.18.0,router_list,20,1.673,1,,187
2,shigechika-0.18.0,facts,20,1.481,1,,4030
2,shigechika-0.18.0,show_version,20,98.275,1,,362
2,shigechika-0.18.0,interfaces_terse,20,100.65,1,,2020
2,shigechika-0.18.0,config,20,101.588,1,,73312
2,shigechika-0.18.0,router_list,21,1.487,1,,188
2,shigechika-0.18.0,facts,21,1.396,1,,4030
2,shigechika-0.18.0,show_version,21,99.105,1,,362
2,shigechika-0.18.0,interfaces_terse,21,100.703,1,,2020
2,shigechika-0.18.0,config,21,102.915,1,,73312
2,shigechika-0.18.0,router_list,22,1.835,1,,188
2,shigechika-0.18.0,facts,22,1.454,1,,4030
2,shigechika-0.18.0,show_version,22,97.01,1,,362
2,shigechika-0.18.0,interfaces_terse,22,101.137,1,,2020
2,shigechika-0.18.0,config,22,101.893,1,,73312
2,shigechika-0.18.0,router_list,23,1.356,1,,188
2,shigechika-0.18.0,facts,23,1.488,1,,4030
2,shigechika-0.18.0,show_version,23,97.627,1,,362
2,shigechika-0.18.0,interfaces_terse,23,101.8,1,,2020
2,shigechika-0.18.0,config,23,101.745,1,,73312
2,shigechika-0.18.0,router_list,24,1.846,1,,188
2,shigechika-0.18.0,facts,24,1.548,1,,4030
2,shigechika-0.18.0,show_version,24,97.227,1,,362
2,shigechika-0.18.0,interfaces_terse,24,101.452,1,,2020
2,shigechika-0.18.0,config,24,101.722,1,,73312
2,shigechika-0.18.0,router_list,25,2.81,1,,188
2,shigechika-0.18.0,facts,25,2.547,1,,4030
2,shigechika-0.18.0,show_version,25,95.368,1,,362
2,shigechika-0.18.0,interfaces_terse,25,101.09,1,,2020
2,shigechika-0.18.0,config,25,102.156,1,,73312
2,shigechika-0.18.0,router_list,26,1.465,1,,188
2,shigechika-0.18.0,facts,26,1.526,1,,4030
2,shigechika-0.18.0,show_version,26,97.382,1,,362
2,shigechika-0.18.0,interfaces_terse,26,101.051,1,,2020
2,shigechika-0.18.0,config,26,102.328,1,,73312
2,shigechika-0.18.0,router_list,27,1.882,1,,188
2,shigechika-0.18.0,facts,27,1.52,1,,4030
2,shigechika-0.18.0,show_version,27,98.013,1,,362
2,shigechika-0.18.0,interfaces_terse,27,100.206,1,,2020
2,shigechika-0.18.0,config,27,102.117,1,,73312
2,shigechika-0.18.0,router_list,28,1.415,1,,188
2,shigechika-0.18.0,facts,28,1.497,1,,4030
2,shigechika-0.18.0,show_version,28,97.987,1,,362
2,shigechika-0.18.0,interfaces_terse,28,101.614,1,,2020
2,shigechika-0.18.0,config,28,101.978,1,,73312
2,shigechika-0.18.0,router_list,29,1.643,1,,188
2,shigechika-0.18.0,facts,29,1.777,1,,4030
2,shigechika-0.18.0,show_version,29,97.421,1,,362
2,shigechika-0.18.0,interfaces_terse,29,101.019,1,,2020
2,shigechika-0.18.0,config,29,101.576,1,,73312
2,shigechika-0.18.0,router_list,30,1.813,1,,188
2,shigechika-0.18.0,facts,30,1.483,1,,4030
2,shigechika-0.18.0,show_version,30,97.829,1,,362
2,shigechika-0.18.0,interfaces_terse,30,100.934,1,,2020
2,shigechika-0.18.0,config,30,102.592,1,,73312
2,shigechika-0.22.0,first_call,0,196.93,1,,360
2,shigechika-0.22.0,router_list,1,1.23,1,,186
2,shigechika-0.22.0,facts,1,1732.094,1,,4028
2,shigechika-0.22.0,show_version,1,101.51,1,,360
2,shigechika-0.22.0,interfaces_terse,1,101.78,1,,2018
2,shigechika-0.22.0,config,1,103.522,1,,73310
2,shigechika-0.22.0,router_list,2,1.093,1,,186
2,shigechika-0.22.0,facts,2,0.805,1,,4029
2,shigechika-0.22.0,show_version,2,98.113,1,,361
2,shigechika-0.22.0,interfaces_terse,2,100.812,1,,2019
2,shigechika-0.22.0,config,2,102.145,1,,73311
2,shigechika-0.22.0,router_list,3,1.008,1,,187
2,shigechika-0.22.0,facts,3,1.577,1,,4029
2,shigechika-0.22.0,show_version,3,98.093,1,,361
2,shigechika-0.22.0,interfaces_terse,3,100.864,1,,2019
2,shigechika-0.22.0,config,3,102.118,1,,73311
2,shigechika-0.22.0,router_list,4,1.39,1,,187
2,shigechika-0.22.0,facts,4,1.42,1,,4029
2,shigechika-0.22.0,show_version,4,97.861,1,,361
2,shigechika-0.22.0,interfaces_terse,4,101.117,1,,2019
2,shigechika-0.22.0,config,4,102.917,1,,73311
2,shigechika-0.22.0,router_list,5,1.224,1,,187
2,shigechika-0.22.0,facts,5,1.484,1,,4029
2,shigechika-0.22.0,show_version,5,97.448,1,,361
2,shigechika-0.22.0,interfaces_terse,5,101.328,1,,2019
2,shigechika-0.22.0,config,5,101.762,1,,73311
2,shigechika-0.22.0,router_list,6,1.269,1,,187
2,shigechika-0.22.0,facts,6,1.39,1,,4029
2,shigechika-0.22.0,show_version,6,98.241,1,,361
2,shigechika-0.22.0,interfaces_terse,6,100.541,1,,2019
2,shigechika-0.22.0,config,6,101.574,1,,73311
2,shigechika-0.22.0,router_list,7,1.086,1,,187
2,shigechika-0.22.0,facts,7,1.209,1,,4029
2,shigechika-0.22.0,show_version,7,99.466,1,,361
2,shigechika-0.22.0,interfaces_terse,7,101.307,1,,2019
2,shigechika-0.22.0,config,7,101.817,1,,73311
2,shigechika-0.22.0,router_list,8,1.151,1,,187
2,shigechika-0.22.0,facts,8,1.368,1,,4029
2,shigechika-0.22.0,show_version,8,98.793,1,,361
2,shigechika-0.22.0,interfaces_terse,8,100.672,1,,2019
2,shigechika-0.22.0,config,8,102.352,1,,73311
2,shigechika-0.22.0,router_list,9,0.721,1,,187
2,shigechika-0.22.0,facts,9,1.597,1,,4029
2,shigechika-0.22.0,show_version,9,98.259,1,,361
2,shigechika-0.22.0,interfaces_terse,9,100.878,1,,2019
2,shigechika-0.22.0,config,9,101.883,1,,73311
2,shigechika-0.22.0,router_list,10,1.308,1,,187
2,shigechika-0.22.0,facts,10,1.347,1,,4029
2,shigechika-0.22.0,show_version,10,98.46,1,,361
2,shigechika-0.22.0,interfaces_terse,10,101.204,1,,2019
2,shigechika-0.22.0,config,10,102.527,1,,73311
2,shigechika-0.22.0,router_list,11,1.082,1,,187
2,shigechika-0.22.0,facts,11,1.574,1,,4029
2,shigechika-0.22.0,show_version,11,97.128,1,,361
2,shigechika-0.22.0,interfaces_terse,11,101.63,1,,2019
2,shigechika-0.22.0,config,11,101.938,1,,73311
2,shigechika-0.22.0,router_list,12,1.026,1,,187
2,shigechika-0.22.0,facts,12,1.828,1,,4029
2,shigechika-0.22.0,show_version,12,97.957,1,,361
2,shigechika-0.22.0,interfaces_terse,12,101.004,1,,2019
2,shigechika-0.22.0,config,12,101.145,1,,73311
2,shigechika-0.22.0,router_list,13,1.053,1,,187
2,shigechika-0.22.0,facts,13,1.524,1,,4029
2,shigechika-0.22.0,show_version,13,98.253,1,,361
2,shigechika-0.22.0,interfaces_terse,13,100.926,1,,2019
2,shigechika-0.22.0,config,13,101.375,1,,73311
2,shigechika-0.22.0,router_list,14,0.644,1,,187
2,shigechika-0.22.0,facts,14,1.224,1,,4029
2,shigechika-0.22.0,show_version,14,99.566,1,,361
2,shigechika-0.22.0,interfaces_terse,14,101.236,1,,2019
2,shigechika-0.22.0,config,14,101.321,1,,73311
2,shigechika-0.22.0,router_list,15,1.129,1,,187
2,shigechika-0.22.0,facts,15,1.176,1,,4029
2,shigechika-0.22.0,show_version,15,98.698,1,,361
2,shigechika-0.22.0,interfaces_terse,15,101.202,1,,2019
2,shigechika-0.22.0,config,15,101.899,1,,73311
2,shigechika-0.22.0,router_list,16,0.628,1,,187
2,shigechika-0.22.0,facts,16,1.332,1,,4029
2,shigechika-0.22.0,show_version,16,98.595,1,,361
2,shigechika-0.22.0,interfaces_terse,16,100.873,1,,2019
2,shigechika-0.22.0,config,16,102.256,1,,73311
2,shigechika-0.22.0,router_list,17,0.988,1,,187
2,shigechika-0.22.0,facts,17,1.926,1,,4029
2,shigechika-0.22.0,show_version,17,97.579,1,,361
2,shigechika-0.22.0,interfaces_terse,17,100.794,1,,2019
2,shigechika-0.22.0,config,17,102.871,1,,73311
2,shigechika-0.22.0,router_list,18,0.786,1,,187
2,shigechika-0.22.0,facts,18,1.439,1,,4029
2,shigechika-0.22.0,show_version,18,97.978,1,,361
2,shigechika-0.22.0,interfaces_terse,18,101.115,1,,2019
2,shigechika-0.22.0,config,18,102.471,1,,73311
2,shigechika-0.22.0,router_list,19,0.991,1,,187
2,shigechika-0.22.0,facts,19,2.03,1,,4029
2,shigechika-0.22.0,show_version,19,97.193,1,,361
2,shigechika-0.22.0,interfaces_terse,19,101.327,1,,2019
2,shigechika-0.22.0,config,19,101.614,1,,73311
2,shigechika-0.22.0,router_list,20,1.083,1,,187
2,shigechika-0.22.0,facts,20,1.378,1,,4030
2,shigechika-0.22.0,show_version,20,98.684,1,,362
2,shigechika-0.22.0,interfaces_terse,20,101.07,1,,2020
2,shigechika-0.22.0,config,20,101.662,1,,73312
2,shigechika-0.22.0,router_list,21,0.673,1,,188
2,shigechika-0.22.0,facts,21,0.801,1,,4030
2,shigechika-0.22.0,show_version,21,100.231,1,,362
2,shigechika-0.22.0,interfaces_terse,21,101.831,1,,2020
2,shigechika-0.22.0,config,21,100.24,1,,73312
2,shigechika-0.22.0,router_list,22,1.398,1,,188
2,shigechika-0.22.0,facts,22,1.088,1,,4030
2,shigechika-0.22.0,show_version,22,99.34,1,,362
2,shigechika-0.22.0,interfaces_terse,22,100.942,1,,2020
2,shigechika-0.22.0,config,22,102.251,1,,73312
2,shigechika-0.22.0,router_list,23,0.988,1,,188
2,shigechika-0.22.0,facts,23,1.559,1,,4030
2,shigechika-0.22.0,show_version,23,98.64,1,,362
2,shigechika-0.22.0,interfaces_terse,23,101.232,1,,2020
2,shigechika-0.22.0,config,23,101.535,1,,73312
2,shigechika-0.22.0,router_list,24,0.723,1,,188
2,shigechika-0.22.0,facts,24,0.785,1,,4030
2,shigechika-0.22.0,show_version,24,99.435,1,,362
2,shigechika-0.22.0,interfaces_terse,24,101.489,1,,2020
2,shigechika-0.22.0,config,24,101.682,1,,73312
2,shigechika-0.22.0,router_list,25,0.737,1,,188
2,shigechika-0.22.0,facts,25,1.371,1,,4030
2,shigechika-0.22.0,show_version,25,98.257,1,,362
2,shigechika-0.22.0,interfaces_terse,25,101.249,1,,2020
2,shigechika-0.22.0,config,25,101.703,1,,73312
2,shigechika-0.22.0,router_list,26,1.196,1,,188
2,shigechika-0.22.0,facts,26,1.437,1,,4030
2,shigechika-0.22.0,show_version,26,97.942,1,,362
2,shigechika-0.22.0,interfaces_terse,26,100.862,1,,2020
2,shigechika-0.22.0,config,26,101.904,1,,73312
2,shigechika-0.22.0,router_list,27,1.278,1,,188
2,shigechika-0.22.0,facts,27,1.242,1,,4030
2,shigechika-0.22.0,show_version,27,98.282,1,,362
2,shigechika-0.22.0,interfaces_terse,27,101.173,1,,2020
2,shigechika-0.22.0,config,27,102.123,1,,73312
2,shigechika-0.22.0,router_list,28,1.354,1,,188
2,shigechika-0.22.0,facts,28,1.746,1,,4030
2,shigechika-0.22.0,show_version,28,97.458,1,,362
2,shigechika-0.22.0,interfaces_terse,28,101.138,1,,2020
2,shigechika-0.22.0,config,28,101.795,1,,73312
2,shigechika-0.22.0,router_list,29,1.333,1,,188
2,shigechika-0.22.0,facts,29,1.229,1,,4030
2,shigechika-0.22.0,show_version,29,98.138,1,,362
2,shigechika-0.22.0,interfaces_terse,29,100.89,1,,2020
2,shigechika-0.22.0,config,29,101.846,1,,73312
2,shigechika-0.22.0,router_list,30,0.63,1,,188
2,shigechika-0.22.0,facts,30,1.043,1,,4030
2,shigechika-0.22.0,show_version,30,98.937,1,,362
2,shigechika-0.22.0,interfaces_terse,30,100.944,1,,2020
2,shigechika-0.22.0,config,30,101.948,1,,73312
2,rustjunosmcp-0.27.2,first_call,0,48.342,1,,307
2,rustjunosmcp-0.27.2,router_list,1,0.494,1,,107
2,rustjunosmcp-0.27.2,facts,1,0.309,1,,567
2,rustjunosmcp-0.27.2,show_version,1,1.307,1,,307
2,rustjunosmcp-0.27.2,interfaces_terse,1,0.695,1,,1127
2,rustjunosmcp-0.27.2,config,1,3.973,1,,36801
2,rustjunosmcp-0.27.2,router_list,2,0.204,1,,107
2,rustjunosmcp-0.27.2,facts,2,0.33,1,,568
2,rustjunosmcp-0.27.2,show_version,2,0.924,1,,308
2,rustjunosmcp-0.27.2,interfaces_terse,2,0.499,1,,1128
2,rustjunosmcp-0.27.2,config,2,3.462,1,,36802
2,rustjunosmcp-0.27.2,router_list,3,0.18,1,,108
2,rustjunosmcp-0.27.2,facts,3,0.249,1,,568
2,rustjunosmcp-0.27.2,show_version,3,0.58,1,,308
2,rustjunosmcp-0.27.2,interfaces_terse,3,0.404,1,,1128
2,rustjunosmcp-0.27.2,config,3,3.24,1,,36802
2,rustjunosmcp-0.27.2,router_list,4,0.112,1,,108
2,rustjunosmcp-0.27.2,facts,4,0.197,1,,568
2,rustjunosmcp-0.27.2,show_version,4,0.539,1,,308
2,rustjunosmcp-0.27.2,interfaces_terse,4,0.528,1,,1128
2,rustjunosmcp-0.27.2,config,4,2.692,1,,36802
2,rustjunosmcp-0.27.2,router_list,5,0.185,1,,108
2,rustjunosmcp-0.27.2,facts,5,0.309,1,,568
2,rustjunosmcp-0.27.2,show_version,5,0.579,1,,308
2,rustjunosmcp-0.27.2,interfaces_terse,5,0.475,1,,1128
2,rustjunosmcp-0.27.2,config,5,2.632,1,,36802
2,rustjunosmcp-0.27.2,router_list,6,0.193,1,,108
2,rustjunosmcp-0.27.2,facts,6,0.32,1,,568
2,rustjunosmcp-0.27.2,show_version,6,0.545,1,,308
2,rustjunosmcp-0.27.2,interfaces_terse,6,0.459,1,,1128
2,rustjunosmcp-0.27.2,config,6,2.616,1,,36802
2,rustjunosmcp-0.27.2,router_list,7,0.126,1,,108
2,rustjunosmcp-0.27.2,facts,7,0.207,1,,568
2,rustjunosmcp-0.27.2,show_version,7,0.584,1,,308
2,rustjunosmcp-0.27.2,interfaces_terse,7,0.455,1,,1128
2,rustjunosmcp-0.27.2,config,7,2.456,1,,36802
2,rustjunosmcp-0.27.2,router_list,8,0.19,1,,108
2,rustjunosmcp-0.27.2,facts,8,0.263,1,,568
2,rustjunosmcp-0.27.2,show_version,8,0.516,1,,308
2,rustjunosmcp-0.27.2,interfaces_terse,8,0.501,1,,1128
2,rustjunosmcp-0.27.2,config,8,2.68,1,,36802
2,rustjunosmcp-0.27.2,router_list,9,0.122,1,,108
2,rustjunosmcp-0.27.2,facts,9,0.19,1,,568
2,rustjunosmcp-0.27.2,show_version,9,0.491,1,,308
2,rustjunosmcp-0.27.2,interfaces_terse,9,0.506,1,,1128
2,rustjunosmcp-0.27.2,config,9,2.729,1,,36802
2,rustjunosmcp-0.27.2,router_list,10,0.168,1,,108
2,rustjunosmcp-0.27.2,facts,10,0.172,1,,568
2,rustjunosmcp-0.27.2,show_version,10,0.656,1,,308
2,rustjunosmcp-0.27.2,interfaces_terse,10,0.656,1,,1128
2,rustjunosmcp-0.27.2,config,10,4.439,1,,36802
2,rustjunosmcp-0.27.2,router_list,11,0.188,1,,108
2,rustjunosmcp-0.27.2,facts,11,0.19,1,,568
2,rustjunosmcp-0.27.2,show_version,11,0.45,1,,308
2,rustjunosmcp-0.27.2,interfaces_terse,11,0.722,1,,1128
2,rustjunosmcp-0.27.2,config,11,4.25,1,,36802
2,rustjunosmcp-0.27.2,router_list,12,0.21,1,,108
2,rustjunosmcp-0.27.2,facts,12,0.289,1,,568
2,rustjunosmcp-0.27.2,show_version,12,0.418,1,,308
2,rustjunosmcp-0.27.2,interfaces_terse,12,0.4,1,,1128
2,rustjunosmcp-0.27.2,config,12,3.198,1,,36802
2,rustjunosmcp-0.27.2,router_list,13,0.118,1,,108
2,rustjunosmcp-0.27.2,facts,13,0.21,1,,568
2,rustjunosmcp-0.27.2,show_version,13,0.374,1,,308
2,rustjunosmcp-0.27.2,interfaces_terse,13,0.393,1,,1128
2,rustjunosmcp-0.27.2,config,13,3.108,1,,36802
2,rustjunosmcp-0.27.2,router_list,14,0.108,1,,108
2,rustjunosmcp-0.27.2,facts,14,0.181,1,,568
2,rustjunosmcp-0.27.2,show_version,14,0.346,1,,308
2,rustjunosmcp-0.27.2,interfaces_terse,14,0.282,1,,1128
2,rustjunosmcp-0.27.2,config,14,3.088,1,,36802
2,rustjunosmcp-0.27.2,router_list,15,0.068,1,,108
2,rustjunosmcp-0.27.2,facts,15,0.153,1,,568
2,rustjunosmcp-0.27.2,show_version,15,0.276,1,,308
2,rustjunosmcp-0.27.2,interfaces_terse,15,0.296,1,,1128
2,rustjunosmcp-0.27.2,config,15,3.146,1,,36802
2,rustjunosmcp-0.27.2,router_list,16,0.077,1,,108
2,rustjunosmcp-0.27.2,facts,16,0.157,1,,568
2,rustjunosmcp-0.27.2,show_version,16,0.333,1,,308
2,rustjunosmcp-0.27.2,interfaces_terse,16,0.309,1,,1128
2,rustjunosmcp-0.27.2,config,16,3.093,1,,36802
2,rustjunosmcp-0.27.2,router_list,17,0.073,1,,108
2,rustjunosmcp-0.27.2,facts,17,0.25,1,,568
2,rustjunosmcp-0.27.2,show_version,17,0.322,1,,308
2,rustjunosmcp-0.27.2,interfaces_terse,17,0.421,1,,1128
2,rustjunosmcp-0.27.2,config,17,3.272,1,,36802
2,rustjunosmcp-0.27.2,router_list,18,0.11,1,,108
2,rustjunosmcp-0.27.2,facts,18,0.165,1,,568
2,rustjunosmcp-0.27.2,show_version,18,0.241,1,,308
2,rustjunosmcp-0.27.2,interfaces_terse,18,0.286,1,,1128
2,rustjunosmcp-0.27.2,config,18,3.122,1,,36802
2,rustjunosmcp-0.27.2,router_list,19,0.088,1,,108
2,rustjunosmcp-0.27.2,facts,19,0.172,1,,568
2,rustjunosmcp-0.27.2,show_version,19,0.285,1,,308
2,rustjunosmcp-0.27.2,interfaces_terse,19,0.25,1,,1128
2,rustjunosmcp-0.27.2,config,19,3.048,1,,36802
2,rustjunosmcp-0.27.2,router_list,20,0.048,1,,108
2,rustjunosmcp-0.27.2,facts,20,0.086,1,,569
2,rustjunosmcp-0.27.2,show_version,20,0.232,1,,309
2,rustjunosmcp-0.27.2,interfaces_terse,20,0.258,1,,1129
2,rustjunosmcp-0.27.2,config,20,3.1,1,,36803
2,rustjunosmcp-0.27.2,router_list,21,0.064,1,,109
2,rustjunosmcp-0.27.2,facts,21,0.188,1,,569
2,rustjunosmcp-0.27.2,show_version,21,0.324,1,,309
2,rustjunosmcp-0.27.2,interfaces_terse,21,0.363,1,,1129
2,rustjunosmcp-0.27.2,config,21,3.064,1,,36803
2,rustjunosmcp-0.27.2,router_list,22,0.044,1,,109
2,rustjunosmcp-0.27.2,facts,22,0.082,1,,569
2,rustjunosmcp-0.27.2,show_version,22,0.213,1,,309
2,rustjunosmcp-0.27.2,interfaces_terse,22,0.248,1,,1129
2,rustjunosmcp-0.27.2,config,22,3.044,1,,36803
2,rustjunosmcp-0.27.2,router_list,23,0.049,1,,109
2,rustjunosmcp-0.27.2,facts,23,0.082,1,,569
2,rustjunosmcp-0.27.2,show_version,23,0.2,1,,309
2,rustjunosmcp-0.27.2,interfaces_terse,23,0.34,1,,1129
2,rustjunosmcp-0.27.2,config,23,3.598,1,,36803
2,rustjunosmcp-0.27.2,router_list,24,0.054,1,,109
2,rustjunosmcp-0.27.2,facts,24,0.086,1,,569
2,rustjunosmcp-0.27.2,show_version,24,0.307,1,,309
2,rustjunosmcp-0.27.2,interfaces_terse,24,0.347,1,,1129
2,rustjunosmcp-0.27.2,config,24,3.185,1,,36803
2,rustjunosmcp-0.27.2,router_list,25,0.069,1,,109
2,rustjunosmcp-0.27.2,facts,25,0.12,1,,569
2,rustjunosmcp-0.27.2,show_version,25,0.349,1,,309
2,rustjunosmcp-0.27.2,interfaces_terse,25,0.475,1,,1129
2,rustjunosmcp-0.27.2,config,25,3.14,1,,36803
2,rustjunosmcp-0.27.2,router_list,26,0.134,1,,109
2,rustjunosmcp-0.27.2,facts,26,0.142,1,,569
2,rustjunosmcp-0.27.2,show_version,26,0.453,1,,309
2,rustjunosmcp-0.27.2,interfaces_terse,26,0.449,1,,1129
2,rustjunosmcp-0.27.2,config,26,3.156,1,,36803
2,rustjunosmcp-0.27.2,router_list,27,0.14,1,,109
2,rustjunosmcp-0.27.2,facts,27,0.211,1,,569
2,rustjunosmcp-0.27.2,show_version,27,0.343,1,,309
2,rustjunosmcp-0.27.2,interfaces_terse,27,0.391,1,,1129
2,rustjunosmcp-0.27.2,config,27,3.174,1,,36803
2,rustjunosmcp-0.27.2,router_list,28,0.139,1,,109
2,rustjunosmcp-0.27.2,facts,28,0.141,1,,569
2,rustjunosmcp-0.27.2,show_version,28,0.49,1,,309
2,rustjunosmcp-0.27.2,interfaces_terse,28,0.404,1,,1129
2,rustjunosmcp-0.27.2,config,28,3.205,1,,36803
2,rustjunosmcp-0.27.2,router_list,29,0.124,1,,109
2,rustjunosmcp-0.27.2,facts,29,0.196,1,,569
2,rustjunosmcp-0.27.2,show_version,29,0.372,1,,309
2,rustjunosmcp-0.27.2,interfaces_terse,29,0.347,1,,1129
2,rustjunosmcp-0.27.2,config,29,3.46,1,,36803
2,rustjunosmcp-0.27.2,router_list,30,0.084,1,,109
2,rustjunosmcp-0.27.2,facts,30,0.107,1,,569
2,rustjunosmcp-0.27.2,show_version,30,38.78,1,,309
2,rustjunosmcp-0.27.2,interfaces_terse,30,1.366,1,,1129
2,rustjunosmcp-0.27.2,config,30,3.298,1,,36803
3,shigechika-0.18.0,first_call,0,200.088,1,,360
3,shigechika-0.18.0,router_list,1,2.762,1,,186
3,shigechika-0.18.0,facts,1,1716.353,1,,4028
3,shigechika-0.18.0,show_version,1,102.387,1,,360
3,shigechika-0.18.0,interfaces_terse,1,101.454,1,,2018
3,shigechika-0.18.0,config,1,101.075,1,,73310
3,shigechika-0.18.0,router_list,2,1.788,1,,186
3,shigechika-0.18.0,facts,2,1.472,1,,4029
3,shigechika-0.18.0,show_version,2,98.097,1,,361
3,shigechika-0.18.0,interfaces_terse,2,101.704,1,,2019
3,shigechika-0.18.0,config,2,101.852,1,,73311
3,shigechika-0.18.0,router_list,3,1.839,1,,187
3,shigechika-0.18.0,facts,3,1.438,1,,4029
3,shigechika-0.18.0,show_version,3,98.159,1,,361
3,shigechika-0.18.0,interfaces_terse,3,102.172,1,,2019
3,shigechika-0.18.0,config,3,101.596,1,,73311
3,shigechika-0.18.0,router_list,4,1.836,1,,187
3,shigechika-0.18.0,facts,4,2.082,1,,4029
3,shigechika-0.18.0,show_version,4,97.745,1,,361
3,shigechika-0.18.0,interfaces_terse,4,101.143,1,,2019
3,shigechika-0.18.0,config,4,101.681,1,,73311
3,shigechika-0.18.0,router_list,5,2.034,1,,187
3,shigechika-0.18.0,facts,5,2.802,1,,4029
3,shigechika-0.18.0,show_version,5,96.719,1,,361
3,shigechika-0.18.0,interfaces_terse,5,100.764,1,,2019
3,shigechika-0.18.0,config,5,101.828,1,,73311
3,shigechika-0.18.0,router_list,6,1.525,1,,187
3,shigechika-0.18.0,facts,6,1.845,1,,4029
3,shigechika-0.18.0,show_version,6,97.697,1,,361
3,shigechika-0.18.0,interfaces_terse,6,101.818,1,,2019
3,shigechika-0.18.0,config,6,101.235,1,,73311
3,shigechika-0.18.0,router_list,7,1.661,1,,187
3,shigechika-0.18.0,facts,7,1.498,1,,4029
3,shigechika-0.18.0,show_version,7,98.8,1,,361
3,shigechika-0.18.0,interfaces_terse,7,101.099,1,,2019
3,shigechika-0.18.0,config,7,102.434,1,,73311
3,shigechika-0.18.0,router_list,8,1.814,1,,187
3,shigechika-0.18.0,facts,8,1.65,1,,4029
3,shigechika-0.18.0,show_version,8,97.083,1,,361
3,shigechika-0.18.0,interfaces_terse,8,101.578,1,,2019
3,shigechika-0.18.0,config,8,102.357,1,,73311
3,shigechika-0.18.0,router_list,9,1.707,1,,187
3,shigechika-0.18.0,facts,9,1.538,1,,4029
3,shigechika-0.18.0,show_version,9,98.005,1,,361
3,shigechika-0.18.0,interfaces_terse,9,101.101,1,,2019
3,shigechika-0.18.0,config,9,101.485,1,,73311
3,shigechika-0.18.0,router_list,10,1.75,1,,187
3,shigechika-0.18.0,facts,10,2.152,1,,4029
3,shigechika-0.18.0,show_version,10,97.025,1,,361
3,shigechika-0.18.0,interfaces_terse,10,101.173,1,,2019
3,shigechika-0.18.0,config,10,101.749,1,,73311
3,shigechika-0.18.0,router_list,11,1.487,1,,187
3,shigechika-0.18.0,facts,11,1.628,1,,4029
3,shigechika-0.18.0,show_version,11,98.347,1,,361
3,shigechika-0.18.0,interfaces_terse,11,100.578,1,,2019
3,shigechika-0.18.0,config,11,101.865,1,,73311
3,shigechika-0.18.0,router_list,12,1.836,1,,187
3,shigechika-0.18.0,facts,12,1.958,1,,4029
3,shigechika-0.18.0,show_version,12,97.212,1,,361
3,shigechika-0.18.0,interfaces_terse,12,101.068,1,,2019
3,shigechika-0.18.0,config,12,101.414,1,,73311
3,shigechika-0.18.0,router_list,13,2.002,1,,187
3,shigechika-0.18.0,facts,13,2.168,1,,4029
3,shigechika-0.18.0,show_version,13,96.952,1,,361
3,shigechika-0.18.0,interfaces_terse,13,99.606,1,,2019
3,shigechika-0.18.0,config,13,101.395,1,,73311
3,shigechika-0.18.0,router_list,14,0.803,1,,187
3,shigechika-0.18.0,facts,14,1.36,1,,4029
3,shigechika-0.18.0,show_version,14,98.142,1,,361
3,shigechika-0.18.0,interfaces_terse,14,101.63,1,,2019
3,shigechika-0.18.0,config,14,102.227,1,,73311
3,shigechika-0.18.0,router_list,15,1.017,1,,187
3,shigechika-0.18.0,facts,15,1.832,1,,4029
3,shigechika-0.18.0,show_version,15,97.704,1,,361
3,shigechika-0.18.0,interfaces_terse,15,101.027,1,,2019
3,shigechika-0.18.0,config,15,102.256,1,,73311
3,shigechika-0.18.0,router_list,16,1.188,1,,187
3,shigechika-0.18.0,facts,16,1.939,1,,4029
3,shigechika-0.18.0,show_version,16,97.606,1,,361
3,shigechika-0.18.0,interfaces_terse,16,100.982,1,,2019
3,shigechika-0.18.0,config,16,101.33,1,,73311
3,shigechika-0.18.0,router_list,17,1.738,1,,187
3,shigechika-0.18.0,facts,17,1.203,1,,4029
3,shigechika-0.18.0,show_version,17,97.928,1,,361
3,shigechika-0.18.0,interfaces_terse,17,102.121,1,,2019
3,shigechika-0.18.0,config,17,100.677,1,,73311
3,shigechika-0.18.0,router_list,18,1.605,1,,187
3,shigechika-0.18.0,facts,18,1.115,1,,4029
3,shigechika-0.18.0,show_version,18,99.179,1,,361
3,shigechika-0.18.0,interfaces_terse,18,100.875,1,,2019
3,shigechika-0.18.0,config,18,101.377,1,,73311
3,shigechika-0.18.0,router_list,19,0.867,1,,187
3,shigechika-0.18.0,facts,19,1.458,1,,4029
3,shigechika-0.18.0,show_version,19,98.456,1,,361
3,shigechika-0.18.0,interfaces_terse,19,100.345,1,,2019
3,shigechika-0.18.0,config,19,102.922,1,,73311
3,shigechika-0.18.0,router_list,20,0.86,1,,187
3,shigechika-0.18.0,facts,20,1.401,1,,4030
3,shigechika-0.18.0,show_version,20,98.167,1,,362
3,shigechika-0.18.0,interfaces_terse,20,100.567,1,,2020
3,shigechika-0.18.0,config,20,103.318,1,,73312
3,shigechika-0.18.0,router_list,21,1.045,1,,188
3,shigechika-0.18.0,facts,21,1.21,1,,4030
3,shigechika-0.18.0,show_version,21,97.314,1,,362
3,shigechika-0.18.0,interfaces_terse,21,101.03,1,,2020
3,shigechika-0.18.0,config,21,102.189,1,,73312
3,shigechika-0.18.0,router_list,22,0.871,1,,188
3,shigechika-0.18.0,facts,22,1.132,1,,4030
3,shigechika-0.18.0,show_version,22,98.052,1,,362
3,shigechika-0.18.0,interfaces_terse,22,102.304,1,,2020
3,shigechika-0.18.0,config,22,100.808,1,,73312
3,shigechika-0.18.0,router_list,23,0.834,1,,188
3,shigechika-0.18.0,facts,23,1.474,1,,4030
3,shigechika-0.18.0,show_version,23,99.059,1,,362
3,shigechika-0.18.0,interfaces_terse,23,100.863,1,,2020
3,shigechika-0.18.0,config,23,102.552,1,,73312
3,shigechika-0.18.0,router_list,24,1.478,1,,188
3,shigechika-0.18.0,facts,24,0.985,1,,4030
3,shigechika-0.18.0,show_version,24,98.263,1,,362
3,shigechika-0.18.0,interfaces_terse,24,100.683,1,,2020
3,shigechika-0.18.0,config,24,101.633,1,,73312
3,shigechika-0.18.0,router_list,25,0.892,1,,188
3,shigechika-0.18.0,facts,25,1.176,1,,4030
3,shigechika-0.18.0,show_version,25,98.733,1,,362
3,shigechika-0.18.0,interfaces_terse,25,100.415,1,,2020
3,shigechika-0.18.0,config,25,101.85,1,,73312
3,shigechika-0.18.0,router_list,26,0.922,1,,188
3,shigechika-0.18.0,facts,26,1.159,1,,4030
3,shigechika-0.18.0,show_version,26,99.207,1,,362
3,shigechika-0.18.0,interfaces_terse,26,101.081,1,,2020
3,shigechika-0.18.0,config,26,101.486,1,,73312
3,shigechika-0.18.0,router_list,27,0.91,1,,188
3,shigechika-0.18.0,facts,27,1.147,1,,4030
3,shigechika-0.18.0,show_version,27,98.453,1,,362
3,shigechika-0.18.0,interfaces_terse,27,102.522,1,,2020
3,shigechika-0.18.0,config,27,100.949,1,,73312
3,shigechika-0.18.0,router_list,28,0.926,1,,188
3,shigechika-0.18.0,facts,28,1.184,1,,4030
3,shigechika-0.18.0,show_version,28,99.707,1,,362
3,shigechika-0.18.0,interfaces_terse,28,100.615,1,,2020
3,shigechika-0.18.0,config,28,101.965,1,,73312
3,shigechika-0.18.0,router_list,29,1.275,1,,188
3,shigechika-0.18.0,facts,29,0.931,1,,4030
3,shigechika-0.18.0,show_version,29,98.591,1,,362
3,shigechika-0.18.0,interfaces_terse,29,101.157,1,,2020
3,shigechika-0.18.0,config,29,101.401,1,,73312
3,shigechika-0.18.0,router_list,30,0.878,1,,188
3,shigechika-0.18.0,facts,30,1.17,1,,4030
3,shigechika-0.18.0,show_version,30,98.476,1,,362
3,shigechika-0.18.0,interfaces_terse,30,101.014,1,,2020
3,shigechika-0.18.0,config,30,103.496,1,,73312
3,shigechika-0.22.0,first_call,0,195.316,1,,360
3,shigechika-0.22.0,router_list,1,1.083,1,,186
3,shigechika-0.22.0,facts,1,1719.917,1,,4028
3,shigechika-0.22.0,show_version,1,100.512,1,,360
3,shigechika-0.22.0,interfaces_terse,1,100.331,1,,2018
3,shigechika-0.22.0,config,1,102.208,1,,73310
3,shigechika-0.22.0,router_list,2,1.248,1,,186
3,shigechika-0.22.0,facts,2,1.533,1,,4029
3,shigechika-0.22.0,show_version,2,97.602,1,,361
3,shigechika-0.22.0,interfaces_terse,2,101.198,1,,2019
3,shigechika-0.22.0,config,2,101.531,1,,73311
3,shigechika-0.22.0,router_list,3,0.7,1,,187
3,shigechika-0.22.0,facts,3,1.344,1,,4029
3,shigechika-0.22.0,show_version,3,98.434,1,,361
3,shigechika-0.22.0,interfaces_terse,3,101.183,1,,2019
3,shigechika-0.22.0,config,3,101.513,1,,73311
3,shigechika-0.22.0,router_list,4,0.596,1,,187
3,shigechika-0.22.0,facts,4,0.666,1,,4029
3,shigechika-0.22.0,show_version,4,99.93,1,,361
3,shigechika-0.22.0,interfaces_terse,4,100.77,1,,2019
3,shigechika-0.22.0,config,4,105.649,1,,73311
3,shigechika-0.22.0,router_list,5,2.873,1,,187
3,shigechika-0.22.0,facts,5,2.103,1,,4029
3,shigechika-0.22.0,show_version,5,94.7,1,,361
3,shigechika-0.22.0,interfaces_terse,5,101.013,1,,2019
3,shigechika-0.22.0,config,5,101.821,1,,73311
3,shigechika-0.22.0,router_list,6,1.252,1,,187
3,shigechika-0.22.0,facts,6,1.906,1,,4029
3,shigechika-0.22.0,show_version,6,97.999,1,,361
3,shigechika-0.22.0,interfaces_terse,6,100.62,1,,2019
3,shigechika-0.22.0,config,6,102.246,1,,73311
3,shigechika-0.22.0,router_list,7,1.172,1,,187
3,shigechika-0.22.0,facts,7,1.827,1,,4029
3,shigechika-0.22.0,show_version,7,97.931,1,,361
3,shigechika-0.22.0,interfaces_terse,7,100.628,1,,2019
3,shigechika-0.22.0,config,7,102.001,1,,73311
3,shigechika-0.22.0,router_list,8,1.141,1,,187
3,shigechika-0.22.0,facts,8,1.828,1,,4029
3,shigechika-0.22.0,show_version,8,97.508,1,,361
3,shigechika-0.22.0,interfaces_terse,8,101.616,1,,2019
3,shigechika-0.22.0,config,8,101.499,1,,73311
3,shigechika-0.22.0,router_list,9,1.51,1,,187
3,shigechika-0.22.0,facts,9,1.904,1,,4029
3,shigechika-0.22.0,show_version,9,97.773,1,,361
3,shigechika-0.22.0,interfaces_terse,9,101.266,1,,2019
3,shigechika-0.22.0,config,9,102.437,1,,73311
3,shigechika-0.22.0,router_list,10,1.319,1,,187
3,shigechika-0.22.0,facts,10,1.626,1,,4029
3,shigechika-0.22.0,show_version,10,98.836,1,,361
3,shigechika-0.22.0,interfaces_terse,10,101.746,1,,2019
3,shigechika-0.22.0,config,10,102.977,1,,73311
3,shigechika-0.22.0,router_list,11,1.233,1,,187
3,shigechika-0.22.0,facts,11,1.521,1,,4029
3,shigechika-0.22.0,show_version,11,99.305,1,,361
3,shigechika-0.22.0,interfaces_terse,11,101.728,1,,2019
3,shigechika-0.22.0,config,11,102.63,1,,73311
3,shigechika-0.22.0,router_list,12,0.983,1,,187
3,shigechika-0.22.0,facts,12,1.425,1,,4029
3,shigechika-0.22.0,show_version,12,99.946,1,,361
3,shigechika-0.22.0,interfaces_terse,12,101.912,1,,2019
3,shigechika-0.22.0,config,12,102.485,1,,73311
3,shigechika-0.22.0,router_list,13,0.963,1,,187
3,shigechika-0.22.0,facts,13,1.362,1,,4029
3,shigechika-0.22.0,show_version,13,99.217,1,,361
3,shigechika-0.22.0,interfaces_terse,13,102.005,1,,2019
3,shigechika-0.22.0,config,13,102.782,1,,73311
3,shigechika-0.22.0,router_list,14,1.085,1,,187
3,shigechika-0.22.0,facts,14,1.412,1,,4029
3,shigechika-0.22.0,show_version,14,98.725,1,,361
3,shigechika-0.22.0,interfaces_terse,14,102.946,1,,2019
3,shigechika-0.22.0,config,14,102.159,1,,73311
3,shigechika-0.22.0,router_list,15,1.231,1,,187
3,shigechika-0.22.0,facts,15,1.342,1,,4029
3,shigechika-0.22.0,show_version,15,99.167,1,,361
3,shigechika-0.22.0,interfaces_terse,15,101.097,1,,2019
3,shigechika-0.22.0,config,15,102.16,1,,73311
3,shigechika-0.22.0,router_list,16,0.966,1,,187
3,shigechika-0.22.0,facts,16,1.452,1,,4029
3,shigechika-0.22.0,show_version,16,98.044,1,,361
3,shigechika-0.22.0,interfaces_terse,16,101.768,1,,2019
3,shigechika-0.22.0,config,16,101.969,1,,73311
3,shigechika-0.22.0,router_list,17,0.89,1,,187
3,shigechika-0.22.0,facts,17,1.289,1,,4029
3,shigechika-0.22.0,show_version,17,98.683,1,,361
3,shigechika-0.22.0,interfaces_terse,17,102.252,1,,2019
3,shigechika-0.22.0,config,17,102.132,1,,73311
3,shigechika-0.22.0,router_list,18,1.506,1,,187
3,shigechika-0.22.0,facts,18,1.364,1,,4029
3,shigechika-0.22.0,show_version,18,98.174,1,,361
3,shigechika-0.22.0,interfaces_terse,18,101.633,1,,2019
3,shigechika-0.22.0,config,18,102.607,1,,73311
3,shigechika-0.22.0,router_list,19,1.141,1,,187
3,shigechika-0.22.0,facts,19,1.252,1,,4029
3,shigechika-0.22.0,show_version,19,98.456,1,,361
3,shigechika-0.22.0,interfaces_terse,19,101.0,1,,2019
3,shigechika-0.22.0,config,19,102.808,1,,73311
3,shigechika-0.22.0,router_list,20,0.847,1,,187
3,shigechika-0.22.0,facts,20,0.661,1,,4030
3,shigechika-0.22.0,show_version,20,99.005,1,,362
3,shigechika-0.22.0,interfaces_terse,20,100.455,1,,2020
3,shigechika-0.22.0,config,20,101.27,1,,73312
3,shigechika-0.22.0,router_list,21,0.606,1,,188
3,shigechika-0.22.0,facts,21,0.695,1,,4030
3,shigechika-0.22.0,show_version,21,100.153,1,,362
3,shigechika-0.22.0,interfaces_terse,21,100.707,1,,2020
3,shigechika-0.22.0,config,21,101.605,1,,73312
3,shigechika-0.22.0,router_list,22,0.923,1,,188
3,shigechika-0.22.0,facts,22,1.15,1,,4030
3,shigechika-0.22.0,show_version,22,99.186,1,,362
3,shigechika-0.22.0,interfaces_terse,22,100.494,1,,2020
3,shigechika-0.22.0,config,22,102.084,1,,73312
3,shigechika-0.22.0,router_list,23,0.569,1,,188
3,shigechika-0.22.0,facts,23,0.828,1,,4030
3,shigechika-0.22.0,show_version,23,99.481,1,,362
3,shigechika-0.22.0,interfaces_terse,23,101.012,1,,2020
3,shigechika-0.22.0,config,23,101.068,1,,73312
3,shigechika-0.22.0,router_list,24,1.326,1,,188
3,shigechika-0.22.0,facts,24,0.882,1,,4030
3,shigechika-0.22.0,show_version,24,98.594,1,,362
3,shigechika-0.22.0,interfaces_terse,24,100.957,1,,2020
3,shigechika-0.22.0,config,24,101.538,1,,73312
3,shigechika-0.22.0,router_list,25,1.124,1,,188
3,shigechika-0.22.0,facts,25,1.458,1,,4030
3,shigechika-0.22.0,show_version,25,97.918,1,,362
3,shigechika-0.22.0,interfaces_terse,25,101.531,1,,2020
3,shigechika-0.22.0,config,25,101.682,1,,73312
3,shigechika-0.22.0,router_list,26,0.642,1,,188
3,shigechika-0.22.0,facts,26,2.178,1,,4030
3,shigechika-0.22.0,show_version,26,97.598,1,,362
3,shigechika-0.22.0,interfaces_terse,26,101.169,1,,2020
3,shigechika-0.22.0,config,26,101.447,1,,73312
3,shigechika-0.22.0,router_list,27,1.355,1,,188
3,shigechika-0.22.0,facts,27,1.609,1,,4030
3,shigechika-0.22.0,show_version,27,97.124,1,,362
3,shigechika-0.22.0,interfaces_terse,27,101.801,1,,2020
3,shigechika-0.22.0,config,27,102.05,1,,73312
3,shigechika-0.22.0,router_list,28,0.716,1,,188
3,shigechika-0.22.0,facts,28,1.578,1,,4030
3,shigechika-0.22.0,show_version,28,98.314,1,,362
3,shigechika-0.22.0,interfaces_terse,28,101.048,1,,2020
3,shigechika-0.22.0,config,28,102.176,1,,73312
3,shigechika-0.22.0,router_list,29,0.847,1,,188
3,shigechika-0.22.0,facts,29,1.175,1,,4030
3,shigechika-0.22.0,show_version,29,98.477,1,,362
3,shigechika-0.22.0,interfaces_terse,29,101.125,1,,2020
3,shigechika-0.22.0,config,29,101.723,1,,73312
3,shigechika-0.22.0,router_list,30,0.623,1,,188
3,shigechika-0.22.0,facts,30,1.288,1,,4030
3,shigechika-0.22.0,show_version,30,99.305,1,,362
3,shigechika-0.22.0,interfaces_terse,30,100.697,1,,2020
3,shigechika-0.22.0,config,30,101.531,1,,73312
3,rustjunosmcp-0.27.2,first_call,0,132.242,1,,307
3,rustjunosmcp-0.27.2,router_list,1,0.473,1,,107
3,rustjunosmcp-0.27.2,facts,1,0.293,1,,567
3,rustjunosmcp-0.27.2,show_version,1,1.227,1,,307
3,rustjunosmcp-0.27.2,interfaces_terse,1,0.805,1,,1127
3,rustjunosmcp-0.27.2,config,1,3.523,1,,36801
3,rustjunosmcp-0.27.2,router_list,2,0.169,1,,107
3,rustjunosmcp-0.27.2,facts,2,0.206,1,,568
3,rustjunosmcp-0.27.2,show_version,2,0.433,1,,308
3,rustjunosmcp-0.27.2,interfaces_terse,2,0.416,1,,1128
3,rustjunosmcp-0.27.2,config,2,3.414,1,,36802
3,rustjunosmcp-0.27.2,router_list,3,0.216,1,,108
3,rustjunosmcp-0.27.2,facts,3,0.156,1,,568
3,rustjunosmcp-0.27.2,show_version,3,0.377,1,,308
3,rustjunosmcp-0.27.2,interfaces_terse,3,0.315,1,,1128
3,rustjunosmcp-0.27.2,config,3,3.91,1,,36802
3,rustjunosmcp-0.27.2,router_list,4,0.085,1,,108
3,rustjunosmcp-0.27.2,facts,4,0.178,1,,568
3,rustjunosmcp-0.27.2,show_version,4,0.453,1,,308
3,rustjunosmcp-0.27.2,interfaces_terse,4,0.314,1,,1128
3,rustjunosmcp-0.27.2,config,4,3.283,1,,36802
3,rustjunosmcp-0.27.2,router_list,5,0.106,1,,108
3,rustjunosmcp-0.27.2,facts,5,0.131,1,,568
3,rustjunosmcp-0.27.2,show_version,5,0.45,1,,308
3,rustjunosmcp-0.27.2,interfaces_terse,5,0.477,1,,1128
3,rustjunosmcp-0.27.2,config,5,3.197,1,,36802
3,rustjunosmcp-0.27.2,router_list,6,0.069,1,,108
3,rustjunosmcp-0.27.2,facts,6,0.158,1,,568
3,rustjunosmcp-0.27.2,show_version,6,0.207,1,,308
3,rustjunosmcp-0.27.2,interfaces_terse,6,0.378,1,,1128
3,rustjunosmcp-0.27.2,config,6,3.028,1,,36802
3,rustjunosmcp-0.27.2,router_list,7,0.072,1,,108
3,rustjunosmcp-0.27.2,facts,7,0.12,1,,568
3,rustjunosmcp-0.27.2,show_version,7,0.345,1,,308
3,rustjunosmcp-0.27.2,interfaces_terse,7,0.368,1,,1128
3,rustjunosmcp-0.27.2,config,7,3.351,1,,36802
3,rustjunosmcp-0.27.2,router_list,8,0.084,1,,108
3,rustjunosmcp-0.27.2,facts,8,0.182,1,,568
3,rustjunosmcp-0.27.2,show_version,8,0.337,1,,308
3,rustjunosmcp-0.27.2,interfaces_terse,8,0.344,1,,1128
3,rustjunosmcp-0.27.2,config,8,3.197,1,,36802
3,rustjunosmcp-0.27.2,router_list,9,0.065,1,,108
3,rustjunosmcp-0.27.2,facts,9,0.129,1,,568
3,rustjunosmcp-0.27.2,show_version,9,0.256,1,,308
3,rustjunosmcp-0.27.2,interfaces_terse,9,0.348,1,,1128
3,rustjunosmcp-0.27.2,config,9,3.037,1,,36802
3,rustjunosmcp-0.27.2,router_list,10,0.062,1,,108
3,rustjunosmcp-0.27.2,facts,10,0.154,1,,568
3,rustjunosmcp-0.27.2,show_version,10,0.31,1,,308
3,rustjunosmcp-0.27.2,interfaces_terse,10,0.418,1,,1128
3,rustjunosmcp-0.27.2,config,10,3.016,1,,36802
3,rustjunosmcp-0.27.2,router_list,11,0.071,1,,108
3,rustjunosmcp-0.27.2,facts,11,0.137,1,,568
3,rustjunosmcp-0.27.2,show_version,11,0.314,1,,308
3,rustjunosmcp-0.27.2,interfaces_terse,11,0.39,1,,1128
3,rustjunosmcp-0.27.2,config,11,3.126,1,,36802
3,rustjunosmcp-0.27.2,router_list,12,0.142,1,,108
3,rustjunosmcp-0.27.2,facts,12,0.189,1,,568
3,rustjunosmcp-0.27.2,show_version,12,0.349,1,,308
3,rustjunosmcp-0.27.2,interfaces_terse,12,0.33,1,,1128
3,rustjunosmcp-0.27.2,config,12,3.254,1,,36802
3,rustjunosmcp-0.27.2,router_list,13,0.09,1,,108
3,rustjunosmcp-0.27.2,facts,13,0.167,1,,568
3,rustjunosmcp-0.27.2,show_version,13,0.332,1,,308
3,rustjunosmcp-0.27.2,interfaces_terse,13,0.31,1,,1128
3,rustjunosmcp-0.27.2,config,13,3.527,1,,36802
3,rustjunosmcp-0.27.2,router_list,14,0.067,1,,108
3,rustjunosmcp-0.27.2,facts,14,0.185,1,,568
3,rustjunosmcp-0.27.2,show_version,14,0.42,1,,308
3,rustjunosmcp-0.27.2,interfaces_terse,14,0.456,1,,1128
3,rustjunosmcp-0.27.2,config,14,2.996,1,,36802
3,rustjunosmcp-0.27.2,router_list,15,0.058,1,,108
3,rustjunosmcp-0.27.2,facts,15,0.136,1,,568
3,rustjunosmcp-0.27.2,show_version,15,0.236,1,,308
3,rustjunosmcp-0.27.2,interfaces_terse,15,0.27,1,,1128
3,rustjunosmcp-0.27.2,config,15,3.087,1,,36802
3,rustjunosmcp-0.27.2,router_list,16,0.05,1,,108
3,rustjunosmcp-0.27.2,facts,16,0.091,1,,568
3,rustjunosmcp-0.27.2,show_version,16,0.254,1,,308
3,rustjunosmcp-0.27.2,interfaces_terse,16,0.27,1,,1128
3,rustjunosmcp-0.27.2,config,16,3.197,1,,36802
3,rustjunosmcp-0.27.2,router_list,17,0.066,1,,108
3,rustjunosmcp-0.27.2,facts,17,0.13,1,,568
3,rustjunosmcp-0.27.2,show_version,17,0.317,1,,308
3,rustjunosmcp-0.27.2,interfaces_terse,17,0.493,1,,1128
3,rustjunosmcp-0.27.2,config,17,3.255,1,,36802
3,rustjunosmcp-0.27.2,router_list,18,0.065,1,,108
3,rustjunosmcp-0.27.2,facts,18,0.104,1,,568
3,rustjunosmcp-0.27.2,show_version,18,0.247,1,,308
3,rustjunosmcp-0.27.2,interfaces_terse,18,0.296,1,,1128
3,rustjunosmcp-0.27.2,config,18,3.028,1,,36802
3,rustjunosmcp-0.27.2,router_list,19,0.045,1,,108
3,rustjunosmcp-0.27.2,facts,19,0.083,1,,568
3,rustjunosmcp-0.27.2,show_version,19,0.179,1,,308
3,rustjunosmcp-0.27.2,interfaces_terse,19,0.418,1,,1128
3,rustjunosmcp-0.27.2,config,19,3.285,1,,36802
3,rustjunosmcp-0.27.2,router_list,20,0.054,1,,108
3,rustjunosmcp-0.27.2,facts,20,0.14,1,,569
3,rustjunosmcp-0.27.2,show_version,20,0.286,1,,309
3,rustjunosmcp-0.27.2,interfaces_terse,20,0.381,1,,1129
3,rustjunosmcp-0.27.2,config,20,3.364,1,,36803
3,rustjunosmcp-0.27.2,router_list,21,0.052,1,,109
3,rustjunosmcp-0.27.2,facts,21,0.13,1,,569
3,rustjunosmcp-0.27.2,show_version,21,0.294,1,,309
3,rustjunosmcp-0.27.2,interfaces_terse,21,0.378,1,,1129
3,rustjunosmcp-0.27.2,config,21,3.127,1,,36803
3,rustjunosmcp-0.27.2,router_list,22,0.042,1,,109
3,rustjunosmcp-0.27.2,facts,22,0.143,1,,569
3,rustjunosmcp-0.27.2,show_version,22,0.284,1,,309
3,rustjunosmcp-0.27.2,interfaces_terse,22,0.399,1,,1129
3,rustjunosmcp-0.27.2,config,22,3.099,1,,36803
3,rustjunosmcp-0.27.2,router_list,23,0.045,1,,109
3,rustjunosmcp-0.27.2,facts,23,0.112,1,,569
3,rustjunosmcp-0.27.2,show_version,23,0.192,1,,309
3,rustjunosmcp-0.27.2,interfaces_terse,23,0.225,1,,1129
3,rustjunosmcp-0.27.2,config,23,3.081,1,,36803
3,rustjunosmcp-0.27.2,router_list,24,0.055,1,,109
3,rustjunosmcp-0.27.2,facts,24,0.127,1,,569
3,rustjunosmcp-0.27.2,show_version,24,0.254,1,,309
3,rustjunosmcp-0.27.2,interfaces_terse,24,0.323,1,,1129
3,rustjunosmcp-0.27.2,config,24,3.198,1,,36803
3,rustjunosmcp-0.27.2,router_list,25,0.067,1,,109
3,rustjunosmcp-0.27.2,facts,25,0.077,1,,569
3,rustjunosmcp-0.27.2,show_version,25,0.303,1,,309
3,rustjunosmcp-0.27.2,interfaces_terse,25,0.263,1,,1129
3,rustjunosmcp-0.27.2,config,25,3.042,1,,36803
3,rustjunosmcp-0.27.2,router_list,26,0.047,1,,109
3,rustjunosmcp-0.27.2,facts,26,0.084,1,,569
3,rustjunosmcp-0.27.2,show_version,26,0.335,1,,309
3,rustjunosmcp-0.27.2,interfaces_terse,26,0.35,1,,1129
3,rustjunosmcp-0.27.2,config,26,3.09,1,,36803
3,rustjunosmcp-0.27.2,router_list,27,0.063,1,,109
3,rustjunosmcp-0.27.2,facts,27,0.102,1,,569
3,rustjunosmcp-0.27.2,show_version,27,0.232,1,,309
3,rustjunosmcp-0.27.2,interfaces_terse,27,0.251,1,,1129
3,rustjunosmcp-0.27.2,config,27,3.142,1,,36803
3,rustjunosmcp-0.27.2,router_list,28,0.065,1,,109
3,rustjunosmcp-0.27.2,facts,28,0.236,1,,569
3,rustjunosmcp-0.27.2,show_version,28,0.31,1,,309
3,rustjunosmcp-0.27.2,interfaces_terse,28,0.292,1,,1129
3,rustjunosmcp-0.27.2,config,28,3.165,1,,36803
3,rustjunosmcp-0.27.2,router_list,29,0.053,1,,109
3,rustjunosmcp-0.27.2,facts,29,0.085,1,,569
3,rustjunosmcp-0.27.2,show_version,29,0.228,1,,309
3,rustjunosmcp-0.27.2,interfaces_terse,29,0.273,1,,1129
3,rustjunosmcp-0.27.2,config,29,3.067,1,,36803
3,rustjunosmcp-0.27.2,router_list,30,0.046,1,,109
3,rustjunosmcp-0.27.2,facts,30,0.079,1,,569
3,rustjunosmcp-0.27.2,show_version,30,38.735,1,,309
3,rustjunosmcp-0.27.2,interfaces_terse,30,1.593,1,,1129
3,rustjunosmcp-0.27.2,config,30,4.499,1,,36803
3,juniper-1.1.1,first_call,0,299.657,1,,379
3,juniper-1.1.1,router_list,1,1.582,1,,248
3,juniper-1.1.1,facts,1,1817.767,1,,2631
3,juniper-1.1.1,show_version,1,301.921,1,,379
3,juniper-1.1.1,interfaces_terse,1,301.188,1,,1208
3,juniper-1.1.1,config,1,299.734,1,,36714
3,juniper-1.1.1,router_list,2,1.358,1,,248
3,juniper-1.1.1,facts,2,1827.01,1,,2632
3,juniper-1.1.1,show_version,2,295.972,1,,380
3,juniper-1.1.1,interfaces_terse,2,295.341,1,,1209
3,juniper-1.1.1,config,2,297.882,1,,36715
3,juniper-1.1.1,router_list,3,1.564,1,,249
3,juniper-1.1.1,facts,3,1826.609,1,,2632
3,juniper-1.1.1,show_version,3,293.087,1,,380
3,juniper-1.1.1,interfaces_terse,3,298.65,1,,1209
3,juniper-1.1.1,config,3,298.591,1,,36715
3,juniper-1.1.1,router_list,4,1.093,1,,249
3,juniper-1.1.1,facts,4,1822.343,1,,2632
3,juniper-1.1.1,show_version,4,295.931,1,,380
3,juniper-1.1.1,interfaces_terse,4,298.962,1,,1209
3,juniper-1.1.1,config,4,294.781,1,,36715
3,juniper-1.1.1,router_list,5,1.072,1,,249
3,juniper-1.1.1,facts,5,1821.052,1,,2632
3,juniper-1.1.1,show_version,5,295.855,1,,380
3,juniper-1.1.1,interfaces_terse,5,294.094,1,,1209
3,juniper-1.1.1,config,5,293.249,1,,36715
3,juniper-1.1.1,router_list,6,0.847,1,,249
3,juniper-1.1.1,facts,6,1814.444,1,,2632
3,juniper-1.1.1,show_version,6,293.623,1,,380
3,juniper-1.1.1,interfaces_terse,6,294.455,1,,1209
3,juniper-1.1.1,config,6,293.382,1,,36715
3,juniper-1.1.1,router_list,7,1.334,1,,249
3,juniper-1.1.1,facts,7,1810.918,1,,2632
3,juniper-1.1.1,show_version,7,295.757,1,,380
3,juniper-1.1.1,interfaces_terse,7,294.765,1,,1209
3,juniper-1.1.1,config,7,297.312,1,,36715
3,juniper-1.1.1,router_list,8,0.891,1,,249
3,juniper-1.1.1,facts,8,1815.587,1,,2632
3,juniper-1.1.1,show_version,8,291.221,1,,380
3,juniper-1.1.1,interfaces_terse,8,256.308,1,,1209
3,juniper-1.1.1,config,8,296.914,1,,36715
3,juniper-1.1.1,router_list,9,0.876,1,,249
3,juniper-1.1.1,facts,9,1813.745,1,,2632
3,juniper-1.1.1,show_version,9,296.28,1,,380
3,juniper-1.1.1,interfaces_terse,9,297.982,1,,1209
3,juniper-1.1.1,config,9,298.497,1,,36715
3,juniper-1.1.1,router_list,10,1.134,1,,249
3,juniper-1.1.1,facts,10,1821.952,1,,2632
3,juniper-1.1.1,show_version,10,299.724,1,,380
3,juniper-1.1.1,interfaces_terse,10,293.398,1,,1209
3,juniper-1.1.1,config,10,293.181,1,,36715
3,juniper-1.1.1,router_list,11,1.059,1,,249
3,juniper-1.1.1,facts,11,1825.549,1,,2632
3,juniper-1.1.1,show_version,11,296.707,1,,380
3,juniper-1.1.1,interfaces_terse,11,295.577,1,,1209
3,juniper-1.1.1,config,11,293.173,1,,36715
3,juniper-1.1.1,router_list,12,1.085,1,,249
3,juniper-1.1.1,facts,12,1816.035,1,,2632
3,juniper-1.1.1,show_version,12,298.233,1,,380
3,juniper-1.1.1,interfaces_terse,12,295.781,1,,1209
3,juniper-1.1.1,config,12,297.897,1,,36715
3,juniper-1.1.1,router_list,13,1.881,1,,249
3,juniper-1.1.1,facts,13,1818.432,1,,2632
3,juniper-1.1.1,show_version,13,296.773,1,,380
3,juniper-1.1.1,interfaces_terse,13,296.795,1,,1209
3,juniper-1.1.1,config,13,295.927,1,,36715
3,juniper-1.1.1,router_list,14,1.144,1,,249
3,juniper-1.1.1,facts,14,1822.409,1,,2632
3,juniper-1.1.1,show_version,14,298.382,1,,380
3,juniper-1.1.1,interfaces_terse,14,296.132,1,,1209
3,juniper-1.1.1,config,14,295.668,1,,36715
3,juniper-1.1.1,router_list,15,1.265,1,,249
3,juniper-1.1.1,facts,15,1811.877,1,,2632
3,juniper-1.1.1,show_version,15,296.487,1,,380
3,juniper-1.1.1,interfaces_terse,15,297.536,1,,1209
3,juniper-1.1.1,config,15,299.142,1,,36715
3,juniper-1.1.1,router_list,16,1.741,1,,249
3,juniper-1.1.1,facts,16,1817.176,1,,2632
3,juniper-1.1.1,show_version,16,298.129,1,,380
3,juniper-1.1.1,interfaces_terse,16,297.905,1,,1209
3,juniper-1.1.1,config,16,296.012,1,,36715
3,juniper-1.1.1,router_list,17,1.664,1,,249
3,juniper-1.1.1,facts,17,1828.214,1,,2632
3,juniper-1.1.1,show_version,17,298.714,1,,380
3,juniper-1.1.1,interfaces_terse,17,296.269,1,,1209
3,juniper-1.1.1,config,17,296.32,1,,36715
3,juniper-1.1.1,router_list,18,1.368,1,,249
3,juniper-1.1.1,facts,18,1817.377,1,,2632
3,juniper-1.1.1,show_version,18,297.965,1,,380
3,juniper-1.1.1,interfaces_terse,18,297.444,1,,1209
3,juniper-1.1.1,config,18,298.205,1,,36715
3,juniper-1.1.1,router_list,19,1.303,1,,249
3,juniper-1.1.1,facts,19,1826.168,1,,2632
3,juniper-1.1.1,show_version,19,298.232,1,,380
3,juniper-1.1.1,interfaces_terse,19,297.422,1,,1209
3,juniper-1.1.1,config,19,298.825,1,,36715
3,juniper-1.1.1,router_list,20,2.058,1,,249
3,juniper-1.1.1,facts,20,1821.794,1,,2633
3,juniper-1.1.1,show_version,20,293.724,1,,381
3,juniper-1.1.1,interfaces_terse,20,296.44,1,,1210
3,juniper-1.1.1,config,20,295.273,1,,36716
3,juniper-1.1.1,router_list,21,1.539,1,,250
3,juniper-1.1.1,facts,21,1817.521,1,,2633
3,juniper-1.1.1,show_version,21,294.101,1,,381
3,juniper-1.1.1,interfaces_terse,21,295.198,1,,1210
3,juniper-1.1.1,config,21,295.508,1,,36716
3,juniper-1.1.1,router_list,22,0.943,1,,250
3,juniper-1.1.1,facts,22,1820.498,1,,2633
3,juniper-1.1.1,show_version,22,295.594,1,,381
3,juniper-1.1.1,interfaces_terse,22,296.114,1,,1210
3,juniper-1.1.1,config,22,296.782,1,,36716
3,juniper-1.1.1,router_list,23,1.539,1,,250
3,juniper-1.1.1,facts,23,1823.264,1,,2633
3,juniper-1.1.1,show_version,23,298.274,1,,381
3,juniper-1.1.1,interfaces_terse,23,297.99,1,,1210
3,juniper-1.1.1,config,23,297.06,1,,36716
3,juniper-1.1.1,router_list,24,1.593,1,,250
3,juniper-1.1.1,facts,24,1821.581,1,,2633
3,juniper-1.1.1,show_version,24,299.157,1,,381
3,juniper-1.1.1,interfaces_terse,24,298.296,1,,1210
3,juniper-1.1.1,config,24,296.98,1,,36716
3,juniper-1.1.1,router_list,25,1.568,1,,250
3,juniper-1.1.1,facts,25,1819.742,1,,2633
3,juniper-1.1.1,show_version,25,297.742,1,,381
3,juniper-1.1.1,interfaces_terse,25,295.217,1,,1210
3,juniper-1.1.1,config,25,291.766,1,,36716
3,juniper-1.1.1,router_list,26,1.688,1,,250
3,juniper-1.1.1,facts,26,1812.092,1,,2633
3,juniper-1.1.1,show_version,26,295.766,1,,381
3,juniper-1.1.1,interfaces_terse,26,298.63,1,,1210
3,juniper-1.1.1,config,26,297.901,1,,36716
3,juniper-1.1.1,router_list,27,1.732,1,,250
3,juniper-1.1.1,facts,27,1820.801,1,,2633
3,juniper-1.1.1,show_version,27,297.984,1,,381
3,juniper-1.1.1,interfaces_terse,27,298.282,1,,1210
3,juniper-1.1.1,config,27,297.116,1,,36716
3,juniper-1.1.1,router_list,28,1.242,1,,250
3,juniper-1.1.1,facts,28,1785.174,1,,2633
3,juniper-1.1.1,show_version,28,298.396,1,,381
3,juniper-1.1.1,interfaces_terse,28,298.098,1,,1210
3,juniper-1.1.1,config,28,298.258,1,,36716
3,juniper-1.1.1,router_list,29,1.7,1,,250
3,juniper-1.1.1,facts,29,1816.666,1,,2633
3,juniper-1.1.1,show_version,29,298.479,1,,381
3,juniper-1.1.1,interfaces_terse,29,298.913,1,,1210
3,juniper-1.1.1,config,29,298.805,1,,36716
3,juniper-1.1.1,router_list,30,1.33,1,,250
3,juniper-1.1.1,facts,30,1822.313,1,,2633
3,juniper-1.1.1,show_version,30,299.106,1,,381
3,juniper-1.1.1,interfaces_terse,30,298.348,1,,1210
3,juniper-1.1.1,config,30,297.095,1,,36716
